{
  "train_loss": [
    4.556034935845269,
    4.5203459527757435,
    4.411953290303548,
    4.198339727189806,
    4.165019088321262,
    4.106628073586358,
    4.132611327701145,
    4.186487250857883,
    4.075004233254327,
    4.116579002804226
  ],
  "val_loss": [
    4.524804353713989,
    4.500676870346069,
    4.600889682769775,
    4.564481973648071,
    4.595816135406494,
    4.494729995727539,
    4.445862293243408,
    4.416476011276245,
    4.437313795089722,
    4.451317071914673
  ],
  "val_accuracy": [
    0.0,
    0.0,
    0.0,
    0.0,
    0.0,
    0.0,
    0.0,
    0.0,
    0.0,
    0.0
  ]
}