{
  "id": "synthetic_y_3274",
  "x": [
    69.12121212121212,
    69.12121212121212,
    57.0,
    87.30303030303031,
    105.48484848484848,
    87.30303030303031,
    75.18181818181819,
    99.42424242424242,
    93.36363636363637,
    123.66666666666667,
    141.84848484848484,
    157.0,
    141.84848484848484,
    111.54545454545455,
    105.48484848484848,
    108.51515151515152
  ],
  "y": [
    51.0,
    71.83333333333333,
    55.166666666666664,
    84.33333333333334,
    121.83333333333333,
    134.33333333333331,
    146.83333333333331,
    151.0,
    121.83333333333333,
    113.5,
    101.0,
    59.333333333333336,
    80.16666666666667,
    63.5,
    96.83333333333334,
    55.166666666666664
  ],
  "p": [
    0.23667423995841166,
    0.41476969885801185,
    0.4350517375442785,
    0.6891705800214546,
    0.6935839745631514,
    0.7163406523052087,
    0.8543969574264537,
    0.7274335013960174,
    0.8262059390563328,
    0.6891798845590724,
    0.7313697606859216,
    0.7133304325329759,
    0.6935191551436926,
    0.4455714063309532,
    0.47928038101534104,
    0.3823185517649835
  ]
}