{
  "id": "synthetic_g_6270",
  "x": [
    139.6086956521739,
    157.0,
    139.6086956521739,
    130.91304347826087,
    109.17391304347825,
    89.6086956521739,
    93.95652173913044,
    98.30434782608695,
    120.04347826086956,
    113.52173913043478,
    128.73913043478262,
    137.43478260869566,
    135.26086956521738,
    150.47826086956522,
    141.7826086956522,
    130.91304347826087,
    126.56521739130434,
    111.34782608695653,
    117.86956521739131,
    126.56521739130434,
    120.04347826086956,
    111.34782608695653,
    91.78260869565217,
    80.91304347826087,
    78.73913043478261,
    57.0
  ],
  "y": [
    56.0,
    66.0,
    86.0,
    93.5,
    108.5,
    83.5,
    93.5,
    116.0,
    121.0,
    141.0,
    138.5,
    116.0,
    96.0,
    81.0,
    83.5,
    61.0,
    71.0,
    58.5,
    51.0,
    43.5,
    66.0,
    56.0,
    51.0,
    41.0,
    56.0,
    51.0
  ],
  "p": [
    0.21930160790303566,
    0.2759465789644487,
    0.4217666277133634,
    0.5695923478119547,
    0.6200556985752793,
    0.5824055323606044,
    0.6895837645318663,
    0.6553544588326743,
    0.74169106965848,
    0.7354991911158285,
    0.7812912923971291,
    0.7760806864716198,
    0.738999770978427,
    0.7734210075751177,
    0.7934626319968344,
    0.6805950319309564,
    0.7607552753803025,
    0.8009305535689304,
    0.6820430226237745,
    0.718779451688774,
    0.5232428099522992,
    0.5988371814444524,
    0.5563240517231285,
    0.46267658222947144,
    0.4502706798285799,
    0.2745749841328083
  ]
}