{
  "id": "synthetic_0_5355",
  "x": [
    144.0,
    141.0,
    133.0,
    121.0,
    111.0,
    96.0,
    83.0,
    69.0,
    62.0,
    56.0,
    53.0,
    60.0,
    69.0,
    82.0,
    98.0,
    111.0,
    125.0,
    136.0,
    142.0,
    142.0
  ],
  "y": [
    101.0,
    112.0,
    125.0,
    138.0,
    143.0,
    145.0,
    139.0,
    132.0,
    119.0,
    105.0,
    93.0,
    78.0,
    69.0,
    58.0,
    55.0,
    59.0,
    64.0,
    73.0,
    85.0,
    98.0
  ],
  "p": [
    0.28743688033378606,
    0.4255129408948864,
    0.4191409366244428,
    0.6105890142726086,
    0.6619452269230892,
    0.7510571955966676,
    0.6821328212244304,
    0.7202662370476921,
    0.8480815438160394,
    0.7673466957247542,
    0.8622741924545969,
    0.694042965853429,
    0.8085768725883977,
    0.815392563159492,
    0.5981819643539821,
    0.5703231164040881,
    0.4666891071332467,
    0.5529823037920444,
    0.38808254980120815,
    0.39854559645884036
  ]
}