{
  "id": "synthetic_o_4827",
  "x": [
    152.0,
    146.0,
    134.0,
    121.0,
    104.0,
    88.0,
    76.0,
    71.0,
    70.0,
    77.0,
    87.0,
    105.0,
    123.0,
    137.0,
    146.0,
    148.0
  ],
  "y": [
    109.0,
    127.0,
    139.0,
    147.0,
    152.0,
    143.0,
    135.0,
    117.0,
    104.0,
    84.0,
    77.0,
    70.0,
    73.0,
    80.0,
    93.0,
    108.0
  ],
  "p": [
    0.33821394663878246,
    0.48299222259732544,
    0.4721609057341425,
    0.6782787539406964,
    0.7297289508143757,
    0.7919292841680141,
    0.8454830447620091,
    0.7463224932988584,
    0.8580949620776204,
    0.8391181611268396,
    0.6425789803905382,
    0.5799296681694232,
    0.5593856091171626,
    0.494423813322531,
    0.455694890277552,
    0.24382001138359372
  ]
}