{
  "id": "synthetic_q_5673",
  "x": [
    80.57142857142857,
    55.57142857142857,
    52.0,
    55.57142857142857,
    52.0,
    80.57142857142857,
    59.142857142857146,
    59.142857142857146,
    73.42857142857143,
    109.14285714285714,
    98.42857142857143,
    130.57142857142856,
    130.57142857142856,
    119.85714285714286,
    152.0,
    116.28571428571429,
    87.71428571428572,
    105.57142857142857,
    141.28571428571428,
    105.57142857142857,
    73.42857142857143
  ],
  "y": [
    87.85714285714286,
    99.76190476190476,
    123.57142857142857,
    133.0952380952381,
    123.57142857142857,
    121.19047619047619,
    118.80952380952381,
    118.80952380952381,
    133.0952380952381,
    145.0,
    128.33333333333331,
    133.0952380952381,
    109.28571428571429,
    114.04761904761905,
    111.66666666666667,
    90.23809523809524,
    68.80952380952381,
    78.33333333333334,
    64.04761904761905,
    45.0,
    59.285714285714285
  ],
  "p": [
    0.20578392861098652,
    0.3416135156349334,
    0.5392044502230788,
    0.6096139099902879,
    0.6015652942911284,
    0.6761790362557022,
    0.7146289459564213,
    0.8020365265882177,
    0.8302598776221247,
    0.8110555846895849,
    0.8564017116814648,
    0.8706068736507863,
    0.8479713746577587,
    0.6674905675554436,
    0.698210785065705,
    0.7421042405238087,
    0.5582355538244755,
    0.5191390093040568,
    0.4947005680291574,
    0.4496556907634774,
    0.22318331930084895
  ]
}