{
  "id": "synthetic_A_6315",
  "x": [
    127.09677419354838,
    140.0,
    107.74193548387096,
    140.0,
    133.5483870967742,
    107.74193548387096,
    120.64516129032258,
    133.5483870967742,
    107.74193548387096,
    101.29032258064515,
    85.16129032258064,
    56.12903225806451,
    75.48387096774194,
    72.25806451612902,
    40.0,
    59.35483870967742,
    43.225806451612904,
    72.25806451612902,
    72.25806451612902,
    69.03225806451613,
    101.29032258064515,
    81.93548387096774,
    65.80645161290323,
    46.45161290322581,
    62.58064516129032,
    69.03225806451613
  ],
  "y": [
    84.27272727272728,
    57.0,
    78.21212121212122,
    96.39393939393939,
    120.63636363636363,
    96.39393939393939,
    114.57575757575758,
    117.60606060606061,
    147.9090909090909,
    120.63636363636363,
    129.72727272727275,
    141.84848484848484,
    120.63636363636363,
    132.75757575757575,
    157.0,
    138.8181818181818,
    147.9090909090909,
    129.72727272727275,
    120.63636363636363,
    96.39393939393939,
    99.42424242424242,
    120.63636363636363,
    99.42424242424242,
    123.66666666666667,
    93.36363636363637,
    114.57575757575758
  ],
  "p": [
    0.23137535020967448,
    0.4370701084786298,
    0.3359016978461866,
    0.4513547234349099,
    0.5808848072865582,
    0.5043438183213154,
    0.6743709858663052,
    0.7780158187876592,
    0.7920765099718307,
    0.808350025927219,
    0.7540756980808857,
    0.6979034107975463,
    0.7116117225084245,
    0.7178214601036669,
    0.7972399761738397,
    0.8547457274842426,
    0.7892385459926752,
    0.7519389367083313,
    0.6507628177063864,
    0.5749444483612187,
    0.6794170335926217,
    0.5167061685673289,
    0.41467189858626496,
    0.3835433823594355,
    0.2664225205616397,
    0.35198184837007496
  ]
}