{
  "id": "synthetic_b_7107",
  "x": [
    142.625,
    133.25,
    102.0,
    108.25,
    92.625,
    77.0,
    73.875,
    102.0,
    127.0,
    108.25,
    102.0,
    80.125,
    61.375,
    52.0,
    77.0,
    80.125,
    86.375,
    95.75,
    123.875,
    133.25,
    114.5,
    95.75,
    117.625,
    148.875,
    136.375,
    108.25,
    123.875,
    139.5,
    120.75,
    152.0
  ],
  "y": [
    146.0,
    132.27450980392157,
    138.15686274509804,
    134.23529411764707,
    118.54901960784314,
    108.74509803921569,
    93.05882352941177,
    89.13725490196079,
    93.05882352941177,
    87.1764705882353,
    91.09803921568627,
    73.45098039215686,
    77.37254901960785,
    87.1764705882353,
    106.7843137254902,
    122.47058823529412,
    116.58823529411765,
    102.86274509803921,
    87.1764705882353,
    87.1764705882353,
    77.37254901960785,
    65.6078431372549,
    67.56862745098039,
    85.2156862745098,
    81.29411764705883,
    65.6078431372549,
    75.41176470588235,
    57.76470588235294,
    46.0,
    63.64705882352941
  ],
  "p": [
    0.39783118722192967,
    0.28777623013363585,
    0.3238904887906945,
    0.5423591313183149,
    0.5264043826672858,
    0.575781331657065,
    0.5513127996382392,
    0.6654287130398121,
    0.6648942662741274,
    0.6539906394265136,
    0.7887122894582655,
    0.7380396701838039,
    0.8766386141513154,
    0.7932989422712068,
    0.7305925178393288,
    0.7037115955379892,
    0.722627739162112,
    0.8196626258680404,
    0.7028418033161139,
    0.7475174569293941,
    0.6981587791483512,
    0.7599521884162331,
    0.6544822155164305,
    0.6299003397763716,
    0.5551351961770948,
    0.4354353861916056,
    0.5554195626841892,
    0.4264494445799969,
    0.271844269646503,
    0.3830602357286683
  ]
}