{
  "id": "synthetic_9_7906",
  "x": [
    56.0,
    76.6896551724138,
    83.58620689655172,
    93.93103448275862,
    128.41379310344826,
    121.51724137931035,
    156.0,
    142.20689655172413,
    107.72413793103448,
    87.0344827586207,
    93.93103448275862,
    100.82758620689656,
    87.0344827586207,
    121.51724137931035,
    107.72413793103448,
    114.62068965517241,
    124.96551724137932
  ],
  "y": [
    56.0,
    67.11111111111111,
    63.407407407407405,
    63.407407407407405,
    74.51851851851852,
    61.55555555555556,
    78.22222222222223,
    83.77777777777777,
    102.2962962962963,
    115.25925925925927,
    118.96296296296296,
    131.92592592592592,
    144.88888888888889,
    135.62962962962962,
    146.74074074074076,
    137.48148148148147,
    156.0
  ],
  "p": [
    0.3468355744737952,
    0.3723141722341421,
    0.5705122782757804,
    0.505546885761803,
    0.5818730767187571,
    0.8106435697989143,
    0.8228584191867447,
    0.856537813039118,
    0.8164691337317588,
    0.7698216804569042,
    0.7412704638709842,
    0.6882114034934628,
    0.613372825927082,
    0.6327694371492845,
    0.44869148847018,
    0.3124946456028534,
    0.3492223412419546
  ]
}