{
  "id": "synthetic_N_9032",
  "x": [
    64.6842105263158,
    41.0,
    51.526315789473685,
    75.21052631578948,
    85.73684210526315,
    109.42105263157895,
    96.26315789473685,
    119.94736842105263,
    119.94736842105263,
    141.0,
    122.57894736842105,
    141.0,
    138.36842105263156,
    141.0,
    141.0
  ],
  "y": [
    72.92307692307692,
    65.23076923076923,
    88.3076923076923,
    122.92307692307692,
    146.0,
    111.38461538461539,
    96.0,
    69.07692307692308,
    80.61538461538461,
    99.84615384615384,
    107.53846153846155,
    84.46153846153845,
    57.53846153846154,
    76.76923076923077,
    46.0
  ],
  "p": [
    0.2384549636082471,
    0.48822364036177845,
    0.5903121763599711,
    0.5936840500944958,
    0.7092825793087209,
    0.7123126160257114,
    0.8226998246964528,
    0.8858256298825461,
    0.7192917123029432,
    0.6942027241900034,
    0.5978093558747527,
    0.6708748182392602,
    0.5468981252566936,
    0.3543108678949625,
    0.20107884881818022
  ]
}