{
  "id": "synthetic_7_6322",
  "x": [
    50.0,
    58.333333333333336,
    66.66666666666667,
    75.0,
    83.33333333333334,
    91.66666666666667,
    100.0,
    108.33333333333334,
    116.66666666666667,
    125.0,
    133.33333333333334,
    141.66666666666669,
    150.0,
    150.0,
    145.83333333333334,
    141.66666666666666,
    137.5,
    133.33333333333334,
    129.16666666666666,
    125.0,
    120.83333333333333,
    116.66666666666666,
    112.5,
    108.33333333333333,
    104.16666666666666,
    100.0
  ],
  "y": [
    48.0,
    48.0,
    52.0,
    50.0,
    50.0,
    48.0,
    50.0,
    49.0,
    49.0,
    48.0,
    52.0,
    51.0,
    52.0,
    50.0,
    58.333333333333336,
    66.66666666666667,
    75.0,
    83.33333333333334,
    91.66666666666667,
    100.0,
    108.33333333333334,
    116.66666666666667,
    125.0,
    133.33333333333334,
    141.66666666666669,
    150.0
  ],
  "p": [
    0.24230842027732047,
    0.29405678988853734,
    0.43679477049806387,
    0.5112243560229137,
    0.5185565728319936,
    0.6930866671311855,
    0.7115907253118839,
    0.6696876239728888,
    0.7943696682929738,
    0.7245887763012708,
    0.7480739342652499,
    0.7475959052936889,
    0.8974325174996132,
    0.7570417614555873,
    0.8235186693892859,
    0.8106325439374892,
    0.7882448378129064,
    0.6415441192929985,
    0.7482138046125051,
    0.5519907908664176,
    0.5495661870065367,
    0.4729000036194295,
    0.45002816358368286,
    0.4511310665511309,
    0.31977606725539554,
    0.24812919121040128
  ]
}