{
  "id": "synthetic_g_4472",
  "x": [
    67.24242424242425,
    82.39393939393939,
    73.30303030303031,
    46.03030303030303,
    55.121212121212125,
    43.0,
    58.151515151515156,
    46.03030303030303,
    64.21212121212122,
    88.45454545454545,
    115.72727272727273,
    94.51515151515152,
    94.51515151515152,
    106.63636363636363,
    118.75757575757575,
    103.60606060606061,
    115.72727272727273,
    143.0,
    112.6969696969697,
    115.72727272727273,
    85.42424242424242,
    76.33333333333334,
    58.151515151515156
  ],
  "y": [
    139.05128205128204,
    133.9230769230769,
    154.43589743589743,
    136.4871794871795,
    126.23076923076923,
    139.05128205128204,
    157.0,
    149.30769230769232,
    136.4871794871795,
    136.4871794871795,
    139.05128205128204,
    144.17948717948718,
    128.7948717948718,
    103.15384615384616,
    100.58974358974359,
    108.28205128205128,
    128.7948717948718,
    141.6153846153846,
    131.35897435897436,
    113.41025641025641,
    98.02564102564102,
    82.64102564102564,
    57.0
  ],
  "p": [
    0.35701961835236184,
    0.3238967785418098,
    0.477345288767978,
    0.5592943975481797,
    0.4937369306584888,
    0.5419974020120472,
    0.7224945904963318,
    0.7150170117109442,
    0.7576378846279798,
    0.7108968335065341,
    0.7204693209526968,
    0.7960914199953022,
    0.7971157420386356,
    0.7874779498365613,
    0.6618568227837363,
    0.6827565810758842,
    0.6271683901108444,
    0.6461251418568785,
    0.6271537172576251,
    0.4561365121110483,
    0.5342685825422612,
    0.29274669219271676,
    0.376966892722224
  ]
}