{
  "id": "synthetic_R_8649",
  "x": [
    156.5,
    146.5,
    146.5,
    156.5,
    159.0,
    156.5,
    131.5,
    111.5,
    104.0,
    106.5,
    129.0,
    126.5,
    111.5,
    134.0,
    111.5,
    96.5,
    81.5,
    86.5,
    61.5,
    61.5,
    61.5,
    74.0,
    59.0,
    84.0,
    64.0,
    64.0,
    64.0,
    76.5
  ],
  "y": [
    141.07462686567163,
    156.0,
    144.05970149253733,
    139.5820895522388,
    136.59701492537312,
    123.16417910447761,
    114.2089552238806,
    100.77611940298507,
    85.85074626865672,
    73.91044776119404,
    72.41791044776119,
    84.35820895522389,
    69.43283582089552,
    57.492537313432834,
    69.43283582089552,
    69.43283582089552,
    67.94029850746269,
    56.0,
    66.44776119402985,
    64.95522388059702,
    76.8955223880597,
    79.88059701492537,
    90.32835820895522,
    90.32835820895522,
    76.8955223880597,
    66.44776119402985,
    72.41791044776119,
    72.41791044776119
  ],
  "p": [
    0.28246818669822604,
    0.2995842156606111,
    0.34820805727062387,
    0.45942338877138167,
    0.45816094763215315,
    0.47857276976304514,
    0.5998635260850564,
    0.5643732792825822,
    0.6781669770237321,
    0.6913613182532419,
    0.7759285119360123,
    0.7788415227376578,
    0.8289865470174648,
    0.7661468739922078,
    0.806256747651582,
    0.7985917317364666,
    0.8659860300723975,
    0.8216419566715737,
    0.7543955776867036,
    0.6900407678806981,
    0.6407657671841349,
    0.6385518606986842,
    0.659632150461781,
    0.4716046771364447,
    0.3867909620368935,
    0.40160751313641724,
    0.39647974353843457,
    0.23125098717560308
  ]
}