{
  "id": "synthetic_U_5116",
  "x": [
    145.625,
    155.0,
    142.5,
    151.875,
    123.75,
    136.25,
    114.375,
    98.75,
    105.0,
    80.0,
    58.125,
    83.125,
    92.5,
    70.625,
    55.0,
    76.875,
    95.625,
    80.0,
    61.25,
    76.875,
    86.25,
    76.875,
    73.75,
    101.875,
    98.75,
    111.25,
    114.375
  ],
  "y": [
    80.22222222222223,
    69.11111111111111,
    66.33333333333333,
    66.33333333333333,
    71.88888888888889,
    94.11111111111111,
    80.22222222222223,
    60.77777777777778,
    71.88888888888889,
    85.77777777777777,
    58.0,
    58.0,
    58.0,
    85.77777777777777,
    88.55555555555556,
    83.0,
    91.33333333333334,
    91.33333333333334,
    116.33333333333334,
    127.44444444444444,
    130.22222222222223,
    152.44444444444446,
    138.55555555555554,
    155.22222222222223,
    155.22222222222223,
    158.0,
    155.22222222222223
  ],
  "p": [
    0.32125441663251564,
    0.2788198117570112,
    0.34227123283705985,
    0.5127488558020179,
    0.6166568495675459,
    0.6163415703357324,
    0.6131657196937773,
    0.6018380659260625,
    0.6760946589561987,
    0.8239655949352903,
    0.6976708172822695,
    0.702439897275719,
    0.8469857267562777,
    0.741761916746519,
    0.8037565761032275,
    0.8145307643845754,
    0.7558505617707791,
    0.8008696415190419,
    0.6521575852985356,
    0.5963797564673222,
    0.5316749352713404,
    0.5394628705259424,
    0.45820630789361944,
    0.43511616035037953,
    0.4244557063958032,
    0.4599443822266356,
    0.3814362658481164
  ]
}