{
  "id": "synthetic_P_5336",
  "x": [
    70.0,
    55.714285714285715,
    80.71428571428572,
    98.57142857142857,
    112.85714285714286,
    84.28571428571428,
    87.85714285714286,
    116.42857142857143,
    145.0,
    112.85714285714286,
    84.28571428571428,
    73.57142857142857,
    66.42857142857143,
    84.28571428571428,
    66.42857142857143,
    59.285714285714285,
    66.42857142857143,
    84.28571428571428,
    70.0,
    102.14285714285714,
    84.28571428571428,
    120.0,
    95.0,
    77.14285714285714,
    70.0,
    45.0,
    48.57142857142857,
    70.0,
    52.142857142857146,
    55.714285714285715
  ],
  "y": [
    114.63636363636363,
    132.8181818181818,
    102.51515151515152,
    93.42424242424242,
    87.36363636363637,
    63.121212121212125,
    69.18181818181819,
    90.39393939393939,
    90.39393939393939,
    75.24242424242425,
    57.06060606060606,
    57.06060606060606,
    57.06060606060606,
    51.0,
    57.06060606060606,
    78.27272727272728,
    105.54545454545455,
    78.27272727272728,
    81.30303030303031,
    105.54545454545455,
    135.84848484848484,
    120.6969696969697,
    99.48484848484848,
    78.27272727272728,
    93.42424242424242,
    123.72727272727273,
    126.75757575757575,
    123.72727272727273,
    151.0,
    144.93939393939394
  ],
  "p": [
    0.28948619585475216,
    0.32511461415136206,
    0.4671121626011682,
    0.5038844049056779,
    0.5640253157031695,
    0.5659008556319015,
    0.6745096252936287,
    0.7042171085313271,
    0.6921102587575081,
    0.8079537075793696,
    0.7588740995262284,
    0.7512513069247921,
    0.7508491917800325,
    0.8352838417916049,
    0.7612688298815511,
    0.7245739107436729,
    0.8206228156458681,
    0.7876828559356109,
    0.7747339040102121,
    0.6983918288361664,
    0.6643427136176332,
    0.6223052917920628,
    0.5658319808946791,
    0.5188726073453627,
    0.6141895570502716,
    0.4704722358655969,
    0.5543127695614168,
    0.39090273901718064,
    0.3711672594019495,
    0.3773831861417861
  ]
}