{
  "id": "synthetic_d_2271",
  "x": [
    147.0,
    108.9047619047619,
    118.42857142857143,
    108.9047619047619,
    123.19047619047619,
    85.0952380952381,
    47.0,
    66.04761904761905,
    66.04761904761905,
    61.285714285714285,
    80.33333333333334,
    89.85714285714286
  ],
  "y": [
    88.81818181818181,
    79.72727272727272,
    88.81818181818181,
    61.54545454545455,
    93.36363636363637,
    84.27272727272728,
    57.0,
    88.81818181818181,
    88.81818181818181,
    129.72727272727275,
    157.0,
    138.8181818181818
  ],
  "p": [
    0.39891832168583763,
    0.45323341413798346,
    0.4729418020488347,
    0.5916765554063834,
    0.6631801742918814,
    0.8575675576840547,
    0.7435643149757512,
    0.6612814019933735,
    0.7050924718328555,
    0.5174125453533961,
    0.4842674687046737,
    0.26713146714769476
  ]
}