{
  "id": "synthetic_C_5718",
  "x": [
    134.0,
    120.0,
    108.0,
    92.0,
    77.0,
    67.0,
    61.0,
    56.0,
    61.0,
    69.0,
    76.0,
    92.0,
    107.0,
    122.0,
    132.0
  ],
  "y": [
    125.0,
    133.0,
    140.0,
    140.0,
    132.0,
    122.0,
    109.0,
    95.0,
    79.0,
    68.0,
    56.0,
    49.0,
    49.0,
    54.0,
    63.0
  ],
  "p": [
    0.3627764304239498,
    0.3408227396841535,
    0.4907773646419406,
    0.7004115924890842,
    0.7466809292110683,
    0.7464747824262292,
    0.7544733316890172,
    0.712410731123027,
    0.7716116377677567,
    0.7961903265136752,
    0.7127177974989369,
    0.692591279115695,
    0.5535770207894428,
    0.43771081527896,
    0.2382639005582204
  ]
}