{
  "id": "synthetic_b_7907",
  "x": [
    53.0,
    72.23076923076923,
    53.0,
    72.23076923076923,
    87.61538461538461,
    85.6923076923077,
    91.46153846153845,
    87.61538461538461,
    104.92307692307692,
    103.0,
    116.46153846153845,
    116.46153846153845,
    133.76923076923077,
    133.76923076923077,
    133.76923076923077,
    135.69230769230768,
    147.23076923076923,
    153.0,
    135.69230769230768,
    137.6153846153846,
    147.23076923076923,
    145.30769230769232
  ],
  "y": [
    92.0,
    118.3157894736842,
    134.10526315789474,
    136.73684210526318,
    120.94736842105263,
    142.0,
    134.10526315789474,
    120.94736842105263,
    128.8421052631579,
    118.3157894736842,
    142.0,
    126.21052631578948,
    99.89473684210526,
    76.21052631578948,
    68.3157894736842,
    89.36842105263159,
    89.36842105263159,
    81.47368421052632,
    81.47368421052632,
    70.94736842105263,
    68.3157894736842,
    42.0
  ],
  "p": [
    0.21423780708653045,
    0.2808956239052039,
    0.3517418116306445,
    0.46406342688179847,
    0.5841888963930839,
    0.6987156009450762,
    0.7875707487405839,
    0.726134860837426,
    0.7121424108988971,
    0.696706224655081,
    0.7391942001097289,
    0.8325338556130323,
    0.769481459040655,
    0.6951991990720725,
    0.7586965524871272,
    0.6147153461129718,
    0.6128878116014482,
    0.5810253582480822,
    0.5231907780702559,
    0.4955253396575865,
    0.31845934004191306,
    0.25315664560656886
  ]
}