{
  "id": "synthetic_0_7998",
  "x": [
    158.0,
    157.0,
    152.0,
    142.0,
    133.0,
    121.0,
    112.0,
    99.0,
    87.0,
    75.0,
    69.0,
    59.0,
    60.0,
    59.0,
    60.0,
    69.0,
    78.0,
    85.0,
    97.0,
    112.0,
    120.0,
    134.0,
    145.0,
    151.0,
    154.0,
    158.0
  ],
  "y": [
    110.0,
    124.0,
    132.0,
    143.0,
    152.0,
    157.0,
    157.0,
    158.0,
    156.0,
    149.0,
    141.0,
    129.0,
    115.0,
    105.0,
    90.0,
    80.0,
    71.0,
    67.0,
    60.0,
    60.0,
    62.0,
    69.0,
    74.0,
    85.0,
    96.0,
    108.0
  ],
  "p": [
    0.2339332165604549,
    0.2649570175591509,
    0.4128434727007746,
    0.5524650234653704,
    0.5420100388166671,
    0.5718227925226095,
    0.7205113802675571,
    0.6448352562808718,
    0.7102199537425927,
    0.8215707333010822,
    0.7615993838009222,
    0.8120076221114821,
    0.8065482888253308,
    0.7353499862172319,
    0.847620719826473,
    0.7082019604129848,
    0.7768198939156032,
    0.6373920235238696,
    0.7297083858815403,
    0.5646089180205281,
    0.5639412548124539,
    0.5040022469362516,
    0.4065358121083385,
    0.46960975079134737,
    0.44529624397672085,
    0.36163830177239875
  ]
}