{
  "id": "synthetic_z_3661",
  "x": [
    49.0,
    78.41176470588235,
    125.47058823529412,
    78.41176470588235,
    131.3529411764706,
    149.0,
    119.58823529411765,
    90.1764705882353,
    90.1764705882353,
    72.52941176470588,
    119.58823529411765,
    60.76470588235294
  ],
  "y": [
    86.33333333333334,
    105.38095238095238,
    72.04761904761905,
    91.0952380952381,
    62.523809523809526,
    53.0,
    91.0952380952381,
    95.85714285714286,
    86.33333333333334,
    95.85714285714286,
    119.66666666666667,
    153.0
  ],
  "p": [
    0.2647803895747357,
    0.3959427304617883,
    0.5545825475872374,
    0.6055675543004184,
    0.7100363779498974,
    0.7133812791674045,
    0.7322252129256003,
    0.7359133068364534,
    0.6596696400074491,
    0.6109288420632899,
    0.5249967921006247,
    0.2525368381236804
  ]
}