{
  "id": "synthetic_1_5373",
  "x": [
    92.0,
    98.0,
    92.0,
    98.0,
    95.0,
    89.0,
    91.0,
    95.0,
    93.0,
    92.0,
    92.0,
    96.0,
    89.0,
    98.0,
    92.0,
    96.0,
    92.0,
    98.0,
    98.0,
    93.0,
    97.0,
    96.0,
    98.0,
    93.0,
    99.0
  ],
  "y": [
    43.0,
    46.0,
    50.0,
    56.0,
    57.0,
    63.0,
    67.0,
    70.0,
    73.0,
    77.0,
    84.0,
    87.0,
    87.0,
    93.0,
    95.0,
    102.0,
    108.0,
    109.0,
    110.0,
    116.0,
    119.0,
    122.0,
    130.0,
    135.0,
    139.0
  ],
  "p": [
    0.2461768409733901,
    0.41373492481271945,
    0.37385129703110304,
    0.42735005488563804,
    0.6164379093577257,
    0.6202342048696075,
    0.7352580410599185,
    0.6072240832956259,
    0.7196271686108967,
    0.7623381345170588,
    0.7492139893580663,
    0.7813758921585979,
    0.7753657221754722,
    0.7142580642031346,
    0.7413898345618003,
    0.8260912433163471,
    0.6401055709627126,
    0.6385944247296885,
    0.6946020744503173,
    0.6360122422572903,
    0.57226179534785,
    0.4137586772712701,
    0.36034049102269616,
    0.392551814304579,
    0.21605090864191356
  ]
}