{
  "id": "synthetic_B_4591",
  "x": [
    157.0,
    137.0,
    110.33333333333334,
    137.0,
    103.66666666666666,
    103.66666666666666,
    107.0,
    130.33333333333331,
    97.0,
    83.66666666666667,
    97.0,
    120.33333333333334,
    90.33333333333334,
    57.0,
    77.0,
    57.0,
    73.66666666666667,
    100.33333333333334,
    87.0,
    67.0,
    80.33333333333333
  ],
  "y": [
    111.21739130434783,
    124.26086956521739,
    128.6086956521739,
    106.86956521739131,
    80.78260869565217,
    98.17391304347825,
    59.04347826086956,
    102.52173913043478,
    124.26086956521739,
    146.0,
    124.26086956521739,
    146.0,
    119.91304347826087,
    115.56521739130434,
    115.56521739130434,
    124.26086956521739,
    132.95652173913044,
    115.56521739130434,
    85.13043478260869,
    85.13043478260869,
    46.0
  ],
  "p": [
    0.2538625779080927,
    0.4236590740831205,
    0.39019429856831095,
    0.5055989718043973,
    0.5639003564355928,
    0.5639201308516024,
    0.6515056011379449,
    0.7360839497515866,
    0.6802118968868185,
    0.8396001532355646,
    0.8835597751511891,
    0.8491720062978887,
    0.8068208194757125,
    0.7611342530160768,
    0.6148495803963834,
    0.5553953917966701,
    0.5755149257699591,
    0.5006524812800154,
    0.37555048914683586,
    0.43208441614355353,
    0.32747606640349597
  ]
}