{
  "id": "synthetic_7_7860",
  "x": [
    58.0,
    74.66666666666667,
    91.33333333333334,
    108.0,
    124.66666666666667,
    141.33333333333334,
    158.0,
    158.0,
    149.66666666666666,
    141.33333333333334,
    133.0,
    124.66666666666666,
    116.33333333333333,
    108.0
  ],
  "y": [
    54.0,
    50.0,
    52.0,
    54.0,
    51.0,
    50.0,
    51.0,
    52.0,
    68.66666666666667,
    85.33333333333334,
    102.0,
    118.66666666666667,
    135.33333333333334,
    152.0
  ],
  "p": [
    0.29937458648300586,
    0.5040465215750589,
    0.5793560747246593,
    0.6043876986243165,
    0.7904105205866487,
    0.7076631425753577,
    0.7682239307465423,
    0.8124451300616045,
    0.8582456146226062,
    0.7897035960001317,
    0.6788214986418584,
    0.6156660738651272,
    0.3309708142296838,
    0.36796602853470267
  ]
}