{
  "id": "synthetic_p_4257",
  "x": [
    78.18181818181819,
    96.36363636363637,
    96.36363636363637,
    96.36363636363637,
    114.54545454545455,
    73.63636363636364,
    119.0909090909091,
    141.8181818181818,
    128.1818181818182,
    160.0,
    119.0909090909091,
    105.45454545454545,
    91.81818181818181,
    69.0909090909091,
    105.45454545454545,
    60.0,
    91.81818181818181,
    87.27272727272728,
    123.63636363636363,
    123.63636363636363,
    78.18181818181819,
    96.36363636363637,
    128.1818181818182,
    155.45454545454544
  ],
  "y": [
    141.0,
    117.47058823529412,
    91.0,
    102.76470588235294,
    123.3529411764706,
    114.52941176470588,
    138.05882352941177,
    141.0,
    126.29411764705883,
    120.41176470588235,
    117.47058823529412,
    108.6470588235294,
    108.6470588235294,
    85.11764705882354,
    70.41176470588235,
    41.0,
    61.58823529411765,
    85.11764705882354,
    61.58823529411765,
    46.88235294117647,
    52.76470588235294,
    49.82352941176471,
    49.82352941176471,
    73.35294117647058
  ],
  "p": [
    0.299247350712747,
    0.4301871288997552,
    0.5179383289081887,
    0.5467239472744996,
    0.49524543260497134,
    0.6603428888619518,
    0.6330036415093879,
    0.7653296086405362,
    0.8404146164236159,
    0.7379822515748962,
    0.7666761818524409,
    0.7084119954981881,
    0.8521226753255717,
    0.723613615160711,
    0.7978778424470852,
    0.7129957984096063,
    0.7471871648200265,
    0.6259489109834583,
    0.5829639076685396,
    0.5901158651809042,
    0.41724014992722036,
    0.496280588847562,
    0.4128367705523532,
    0.24629371941574066
  ]
}