{
  "id": "synthetic_S_1553",
  "x": [
    96.0,
    114.0,
    130.0,
    141.0,
    141.0,
    134.0,
    112.0,
    97.0,
    76.0,
    58.0,
    49.0,
    46.0,
    56.0,
    72.0,
    92.0
  ],
  "y": [
    102.0,
    125.0,
    134.0,
    112.0,
    87.0,
    68.0,
    74.0,
    103.0,
    126.0,
    134.0,
    113.0,
    89.0,
    68.0,
    77.0,
    100.0
  ],
  "p": [
    0.31794352845034224,
    0.33453685981273323,
    0.5210159802820037,
    0.6323855455186498,
    0.6635889624305222,
    0.8043137250756437,
    0.8584980153643744,
    0.7584663717559955,
    0.8180490978916987,
    0.7181649917343635,
    0.6827581146172098,
    0.6749764629527081,
    0.469234840761126,
    0.5049457883876555,
    0.2132178296356197
  ]
}