{
  "id": "synthetic_a_6496",
  "x": [
    123.3103448275862,
    95.72413793103448,
    75.0344827586207,
    85.37931034482759,
    88.82758620689656,
    78.48275862068965,
    102.62068965517241,
    99.17241379310344,
    123.3103448275862,
    123.3103448275862,
    106.06896551724138,
    126.75862068965517,
    144.0,
    112.96551724137932,
    102.62068965517241,
    75.0344827586207,
    44.0,
    61.241379310344826,
    95.72413793103448,
    88.82758620689656,
    88.82758620689656,
    102.62068965517241,
    119.86206896551724,
    106.06896551724138,
    140.55172413793105
  ],
  "y": [
    144.19607843137254,
    142.23529411764707,
    142.23529411764707,
    146.15686274509804,
    154.0,
    150.078431372549,
    142.23529411764707,
    124.58823529411765,
    104.98039215686273,
    106.94117647058823,
    95.1764705882353,
    89.29411764705883,
    104.98039215686273,
    110.86274509803921,
    126.54901960784314,
    108.90196078431373,
    97.13725490196079,
    103.01960784313727,
    83.41176470588235,
    71.64705882352942,
    63.80392156862745,
    69.68627450980392,
    54.0,
    61.84313725490196,
    67.72549019607843
  ],
  "p": [
    0.32034540461628597,
    0.3534698277339199,
    0.5227120344853635,
    0.39770911828403754,
    0.5541287434927994,
    0.566967080860722,
    0.5599013495757259,
    0.7518369103251813,
    0.6602667231682848,
    0.6673045211163875,
    0.8619780021631924,
    0.8037802638076067,
    0.7382011777819357,
    0.8909378553075915,
    0.8419345956682096,
    0.8073866488363084,
    0.8063921795125704,
    0.7884595520775326,
    0.7254534694347127,
    0.6838221028710837,
    0.48690494204422685,
    0.4267538355490453,
    0.33493059959472443,
    0.4646386499986176,
    0.36501065691011614
  ]
}