{
  "id": "synthetic_L_5451",
  "x": [
    41.0,
    83.85714285714286,
    88.61904761904762,
    102.9047619047619,
    88.61904761904762,
    112.42857142857143,
    98.14285714285714,
    141.0,
    107.66666666666667,
    69.57142857142857,
    64.80952380952381,
    98.14285714285714,
    112.42857142857143,
    83.85714285714286,
    121.95238095238095,
    83.85714285714286,
    102.9047619047619,
    74.33333333333334,
    98.14285714285714,
    102.9047619047619,
    79.0952380952381,
    107.66666666666667
  ],
  "y": [
    84.17021276595744,
    94.80851063829788,
    94.80851063829788,
    101.19148936170212,
    113.95744680851064,
    135.2340425531915,
    148.0,
    130.97872340425533,
    113.95744680851064,
    96.93617021276596,
    99.06382978723404,
    79.91489361702128,
    86.29787234042553,
    67.14893617021276,
    48.0,
    69.27659574468085,
    67.14893617021276,
    73.53191489361703,
    71.40425531914894,
    60.765957446808514,
    50.12765957446808,
    50.12765957446808
  ],
  "p": [
    0.37128326057089145,
    0.4172761669417298,
    0.46271394604366334,
    0.44497750541449566,
    0.5487881013714754,
    0.5791468050598874,
    0.635848712396679,
    0.7549276194312706,
    0.7851453298195985,
    0.7322219839732234,
    0.7559575385170781,
    0.8678684268649196,
    0.7901750182550437,
    0.7585548832950304,
    0.787160250285937,
    0.7331225139011281,
    0.5847724409647594,
    0.5296191411953349,
    0.45554065027442614,
    0.45874647344854763,
    0.3670100366733589,
    0.24445885916952004
  ]
}