{
  "id": "synthetic_n_3944",
  "x": [
    100.94594594594594,
    73.91891891891892,
    71.21621621621622,
    95.54054054054055,
    73.91891891891892,
    73.91891891891892,
    55.0,
    65.8108108108108,
    76.62162162162161,
    65.8108108108108,
    79.32432432432432,
    98.24324324324324,
    76.62162162162161,
    100.94594594594594,
    103.64864864864865,
    114.45945945945945,
    106.35135135135135,
    133.3783783783784,
    155.0,
    136.0810810810811,
    127.97297297297297
  ],
  "y": [
    105.14814814814815,
    105.14814814814815,
    90.33333333333334,
    123.66666666666667,
    157.0,
    142.1851851851852,
    112.55555555555556,
    116.25925925925927,
    119.96296296296296,
    86.62962962962963,
    57.0,
    82.92592592592592,
    86.62962962962963,
    79.22222222222223,
    112.55555555555556,
    97.74074074074073,
    60.7037037037037,
    86.62962962962963,
    108.85185185185185,
    123.66666666666667,
    149.5925925925926
  ],
  "p": [
    0.24816160848212682,
    0.40592843205929857,
    0.38866316324608985,
    0.602032810387696,
    0.5421705143419053,
    0.6619934720322571,
    0.7401142731623311,
    0.8145600663766359,
    0.7597377238418735,
    0.8788266236550959,
    0.8427776433771084,
    0.7166478249642537,
    0.7564318222369424,
    0.7561799460317593,
    0.624256122617346,
    0.6927058506748287,
    0.681992732560771,
    0.5623370065894002,
    0.450879293721257,
    0.3303262477346486,
    0.24290711047291808
  ]
}