{
  "id": "synthetic_6_6282",
  "x": [
    74.66666666666667,
    74.66666666666667,
    88.0,
    70.22222222222223,
    70.22222222222223,
    81.33333333333334,
    63.55555555555556,
    63.55555555555556,
    48.0,
    56.888888888888886,
    72.44444444444444,
    92.44444444444444,
    94.66666666666666,
    88.0,
    90.22222222222223,
    76.88888888888889,
    83.55555555555556,
    90.22222222222223,
    110.22222222222223,
    125.77777777777777,
    141.33333333333331,
    125.77777777777777,
    141.33333333333331,
    148.0,
    143.55555555555554,
    123.55555555555556,
    130.22222222222223
  ],
  "y": [
    149.0,
    141.85714285714286,
    132.92857142857144,
    132.92857142857144,
    132.92857142857144,
    122.21428571428571,
    115.07142857142857,
    102.57142857142857,
    91.85714285714286,
    79.35714285714286,
    61.5,
    63.285714285714285,
    61.5,
    66.85714285714286,
    52.57142857142857,
    49.0,
    50.785714285714285,
    50.785714285714285,
    68.64285714285714,
    72.21428571428572,
    56.142857142857146,
    63.285714285714285,
    68.64285714285714,
    81.14285714285714,
    72.21428571428572,
    79.35714285714286,
    72.21428571428572
  ],
  "p": [
    0.34840673841836467,
    0.2806912697323975,
    0.39881715997988976,
    0.5540755192871547,
    0.547767206719008,
    0.6100258420354487,
    0.5317353641423934,
    0.7324603864797213,
    0.7425211884010392,
    0.6840093893269479,
    0.8056718968467249,
    0.8279534507190623,
    0.739089118717526,
    0.7613949965662321,
    0.8078966992965214,
    0.8440292163209382,
    0.8258631921080974,
    0.6483436016531081,
    0.6853213026887321,
    0.6983781366127941,
    0.5736423377381985,
    0.6230065182626146,
    0.6192502394642772,
    0.5049251122992322,
    0.4689985140371046,
    0.28034940425340554,
    0.3267508537785667
  ]
}