{
  "id": "synthetic_5_2861",
  "x": [
    159.0,
    157.27586206896552,
    140.0344827586207,
    127.96551724137932,
    127.96551724137932,
    119.34482758620689,
    103.82758620689656,
    96.93103448275862,
    93.48275862068965,
    79.6896551724138,
    79.6896551724138,
    76.24137931034483,
    59.0,
    74.51724137931035,
    83.13793103448276,
    93.48275862068965,
    103.82758620689656,
    98.65517241379311
  ],
  "y": [
    54.0,
    68.75409836065573,
    76.95081967213115,
    86.78688524590163,
    90.0655737704918,
    101.54098360655738,
    113.01639344262296,
    119.57377049180327,
    109.73770491803279,
    96.62295081967213,
    108.09836065573771,
    109.73770491803279,
    111.37704918032787,
    127.77049180327869,
    126.1311475409836,
    142.52459016393442,
    154.0,
    144.1639344262295
  ],
  "p": [
    0.20811029335869405,
    0.4236713338821591,
    0.5014667269839989,
    0.630352951032916,
    0.5727691389357303,
    0.7717157344380359,
    0.751660047291291,
    0.8354125415688882,
    0.7260624914804448,
    0.8841473622664858,
    0.8663072461245327,
    0.8220847201557496,
    0.6696488630756794,
    0.7322255579298673,
    0.49103592663359347,
    0.5749529361316663,
    0.4105286637920773,
    0.20547122017760822
  ]
}