{
  "id": "synthetic_2_2799",
  "x": [
    125.77777777777777,
    148.0,
    114.66666666666667,
    118.37037037037037,
    99.85185185185185,
    92.44444444444444,
    55.407407407407405,
    66.51851851851852,
    48.0,
    81.33333333333334,
    66.51851851851852,
    66.51851851851852,
    92.44444444444444,
    73.92592592592592,
    70.22222222222223,
    92.44444444444444,
    73.92592592592592,
    55.407407407407405
  ],
  "y": [
    104.83720930232559,
    125.76744186046511,
    137.3953488372093,
    156.0,
    146.69767441860466,
    130.4186046511628,
    111.81395348837209,
    107.16279069767441,
    90.88372093023256,
    97.86046511627907,
    74.6046511627907,
    56.0,
    74.6046511627907,
    76.93023255813954,
    76.93023255813954,
    88.55813953488372,
    102.51162790697674,
    118.7906976744186
  ],
  "p": [
    0.3271578566188136,
    0.35149012709369076,
    0.5190908534086182,
    0.4888040613299753,
    0.7247111636911454,
    0.6248788494811476,
    0.6929180604468682,
    0.7107592198406079,
    0.7611307752950692,
    0.7208507368605754,
    0.8394212985641469,
    0.7180802768145018,
    0.7262063369563719,
    0.6418644012079883,
    0.6573915407762899,
    0.49410231105267444,
    0.47665061044942003,
    0.20005869890760275
  ]
}