{
  "id": "synthetic_I_8318",
  "x": [
    84.57142857142857,
    108.38095238095238,
    136.95238095238096,
    94.0952380952381,
    56.0,
    89.33333333333334,
    94.0952380952381,
    136.95238095238096,
    146.47619047619048,
    156.0
  ],
  "y": [
    104.0,
    64.0,
    74.0,
    109.0,
    159.0,
    124.0,
    159.0,
    109.0,
    69.0,
    59.0
  ],
  "p": [
    0.38371406029088234,
    0.43858525589389274,
    0.6292761089379677,
    0.8163728742691047,
    0.8575915582859674,
    0.869297667691249,
    0.7858426304882837,
    0.6466767958517488,
    0.5507968945464119,
    0.31020751701911414
  ]
}