{
  "id": "synthetic_i_7113",
  "x": [
    109.0,
    103.0,
    112.0,
    112.0,
    106.0,
    107.0,
    110.0,
    107.0,
    104.0,
    107.0,
    111.0,
    111.0,
    110.0
  ],
  "y": [
    51.0,
    60.0,
    69.0,
    71.0,
    83.0,
    92.0,
    96.0,
    104.0,
    112.0,
    118.0,
    126.0,
    132.0,
    144.0
  ],
  "p": [
    0.3321554643321854,
    0.4449421807170723,
    0.5250477403094154,
    0.6268158313808233,
    0.6771815583848836,
    0.8328089285976628,
    0.7258356901831211,
    0.838678405576251,
    0.7926214675836768,
    0.7383713975163567,
    0.5192765303058933,
    0.49178359175841313,
    0.25322247255821473
  ]
}