{
  "id": "synthetic_e_5194",
  "x": [
    42.0,
    65.07692307692308,
    49.69230769230769,
    88.15384615384616,
    76.61538461538461,
    111.23076923076923,
    115.07692307692308,
    142.0,
    111.23076923076923,
    130.46153846153845,
    142.0
  ],
  "y": [
    155.0,
    143.23529411764707,
    113.8235294117647,
    116.76470588235294,
    119.70588235294117,
    122.6470588235294,
    137.3529411764706,
    119.70588235294117,
    90.29411764705883,
    81.47058823529412,
    55.0
  ],
  "p": [
    0.20220779175161446,
    0.49919480350577355,
    0.6270285426855271,
    0.7780962015727514,
    0.6834589792538004,
    0.7834292414299725,
    0.7418618757243858,
    0.6780545603840413,
    0.6187684266966202,
    0.511390798921638,
    0.23118986219452342
  ]
}