{
  "id": "synthetic_A_1561",
  "x": [
    57.391304347826086,
    83.47826086956522,
    40.0,
    70.43478260869566,
    79.13043478260869,
    92.17391304347825,
    113.91304347826087,
    109.56521739130434,
    96.52173913043478,
    66.08695652173913,
    74.78260869565217,
    113.91304347826087,
    140.0,
    96.52173913043478,
    79.13043478260869,
    66.08695652173913,
    87.82608695652175,
    126.95652173913044,
    100.86956521739131,
    74.78260869565217,
    92.17391304347825,
    118.26086956521739,
    100.86956521739131,
    79.13043478260869,
    44.34782608695652,
    79.13043478260869,
    87.82608695652175,
    44.34782608695652
  ],
  "y": [
    52.03030303030303,
    76.27272727272728,
    82.33333333333334,
    88.39393939393939,
    94.45454545454545,
    115.66666666666667,
    109.60606060606061,
    115.66666666666667,
    100.51515151515152,
    70.21212121212122,
    97.48484848484848,
    106.57575757575758,
    85.36363636363637,
    61.121212121212125,
    49.0,
    61.121212121212125,
    67.18181818181819,
    94.45454545454545,
    124.75757575757575,
    149.0,
    142.93939393939394,
    121.72727272727273,
    109.60606060606061,
    100.51515151515152,
    91.42424242424242,
    76.27272727272728,
    88.39393939393939,
    91.42424242424242
  ],
  "p": [
    0.35184183554434223,
    0.3732740721616179,
    0.4994374876386687,
    0.4339815726852821,
    0.567007277143103,
    0.6407285864085573,
    0.6034000270671448,
    0.7282157485507994,
    0.7671595609944416,
    0.6740633188422464,
    0.7654190131134153,
    0.7408203233476398,
    0.7508128383192467,
    0.8787965967255247,
    0.8488309578440996,
    0.6962907912279954,
    0.772053385353061,
    0.6891234056579039,
    0.6668089190766631,
    0.7585752854473201,
    0.6597753932284174,
    0.6003585557869912,
    0.5760185665040796,
    0.5007704110872042,
    0.38491602609646164,
    0.320673357305666,
    0.41209881640716234,
    0.32831601988739345
  ]
}