{
  "id": "synthetic_V_3882",
  "x": [
    49.0,
    62.0,
    72.0,
    82.0,
    89.0,
    99.0,
    101.0,
    113.0,
    120.0,
    129.0,
    140.0,
    151.0
  ],
  "y": [
    59.0,
    82.0,
    98.0,
    117.0,
    136.0,
    158.0,
    159.0,
    139.0,
    120.0,
    102.0,
    79.0,
    58.0
  ],
  "p": [
    0.2750116514068993,
    0.4393954154417934,
    0.5795762237771039,
    0.6907336200709044,
    0.6729566074153956,
    0.7613407583052132,
    0.8069331445556441,
    0.6924786205382633,
    0.6354943951483537,
    0.508127540007483,
    0.5123100467457444,
    0.27048492399359675
  ]
}