{
  "id": "synthetic_K_5856",
  "x": [
    138.9090909090909,
    120.72727272727273,
    120.72727272727273,
    123.0,
    127.54545454545455,
    148.0,
    127.54545454545455,
    143.45454545454544,
    129.8181818181818,
    107.0909090909091,
    84.36363636363637,
    98.0,
    86.63636363636363,
    93.45454545454545,
    86.63636363636363,
    84.36363636363637,
    70.72727272727272,
    63.90909090909091,
    70.72727272727272,
    66.18181818181819,
    59.36363636363636,
    48.0,
    68.45454545454545,
    91.18181818181819,
    73.0,
    93.45454545454545,
    75.27272727272728,
    91.18181818181819,
    113.9090909090909
  ],
  "y": [
    49.0,
    66.94871794871796,
    49.0,
    64.38461538461539,
    84.8974358974359,
    66.94871794871796,
    92.58974358974359,
    95.15384615384616,
    113.1025641025641,
    110.53846153846155,
    110.53846153846155,
    131.05128205128204,
    115.66666666666667,
    125.92307692307692,
    143.87179487179486,
    120.7948717948718,
    125.92307692307692,
    123.35897435897436,
    110.53846153846155,
    120.7948717948718,
    115.66666666666667,
    120.7948717948718,
    97.71794871794872,
    82.33333333333334,
    105.41025641025641,
    118.23076923076923,
    143.87179487179486,
    149.0,
    143.87179487179486
  ],
  "p": [
    0.2936895147387293,
    0.41860935322119625,
    0.3628285337921381,
    0.5432709947205833,
    0.4796182658062789,
    0.615843084847979,
    0.6290347918337944,
    0.700843986410955,
    0.7613393784943528,
    0.8227401335823094,
    0.7271790613946153,
    0.7205240121417965,
    0.7199200431009927,
    0.8371781354558359,
    0.7687333720220303,
    0.7548197253541681,
    0.7836319711232157,
    0.7045757959488699,
    0.8151942099813037,
    0.73422616148915,
    0.6773280754102681,
    0.6224780966144488,
    0.6628573726232043,
    0.6275209511344868,
    0.5587266877251226,
    0.5335027991362211,
    0.4755766472794747,
    0.37487264044870594,
    0.22045315326080128
  ]
}