{
  "id": "synthetic_L_7963",
  "x": [
    85.41176470588235,
    56.0,
    97.1764705882353,
    61.88235294117647,
    79.52941176470588,
    56.0,
    114.8235294117647,
    156.0,
    126.58823529411765,
    126.58823529411765,
    120.70588235294117
  ],
  "y": [
    118.86206896551724,
    143.0,
    136.10344827586206,
    111.96551724137932,
    84.37931034482759,
    56.79310344827586,
    84.37931034482759,
    67.13793103448276,
    43.0,
    53.3448275862069,
    87.82758620689656
  ],
  "p": [
    0.3635255546343311,
    0.5018493041833803,
    0.6209488693915994,
    0.79608881320224,
    0.8515794738460404,
    0.730481359383363,
    0.680951265922601,
    0.7861096486681556,
    0.5932362143460087,
    0.5397350698691693,
    0.21703948620002478
  ]
}