{
  "id": "synthetic_U_3853",
  "x": [
    56.63414634146341,
    61.51219512195122,
    44.4390243902439,
    51.75609756097561,
    42.0,
    54.19512195121951,
    78.58536585365854,
    98.09756097560975,
    95.65853658536585,
    71.26829268292683,
    66.39024390243902,
    68.82926829268293,
    56.63414634146341,
    73.70731707317073,
    90.78048780487805,
    73.70731707317073,
    98.09756097560975,
    117.60975609756098,
    127.36585365853658,
    122.48780487804878,
    137.1219512195122,
    139.5609756097561,
    129.8048780487805,
    137.1219512195122,
    142.0,
    137.1219512195122,
    132.2439024390244
  ],
  "y": [
    134.76923076923077,
    137.84615384615384,
    140.9230769230769,
    144.0,
    130.15384615384616,
    134.76923076923077,
    128.6153846153846,
    119.38461538461539,
    119.38461538461539,
    104.0,
    100.92307692307692,
    114.76923076923077,
    100.92307692307692,
    97.84615384615384,
    87.07692307692308,
    79.38461538461539,
    65.53846153846155,
    56.30769230769231,
    64.0,
    60.92307692307692,
    65.53846153846155,
    62.46153846153846,
    57.84615384615385,
    44.0,
    59.38461538461539,
    73.23076923076923,
    65.53846153846155
  ],
  "p": [
    0.2598204184685544,
    0.3180567033972202,
    0.34989848737033996,
    0.4008988379567348,
    0.5023736617877326,
    0.6249108639991257,
    0.5594456230528725,
    0.6917127300192425,
    0.6261560578017632,
    0.6895848758863277,
    0.7501990095613865,
    0.7233459767937238,
    0.8076593718518608,
    0.7659190507163144,
    0.7162815822125586,
    0.6963681763445524,
    0.8292227592063119,
    0.7195661579265266,
    0.7010707142757261,
    0.7644705204272783,
    0.711463549721567,
    0.6025137152183104,
    0.621312726781303,
    0.4453359517702601,
    0.47976244311092164,
    0.4022804731122996,
    0.2321693663935795
  ]
}