{
  "id": "synthetic_S_3677",
  "x": [
    107.0,
    132.0,
    153.0,
    152.0,
    138.0,
    105.0,
    74.0,
    57.0,
    57.0,
    79.0,
    104.0
  ],
  "y": [
    101.0,
    129.0,
    122.0,
    84.0,
    66.0,
    99.0,
    132.0,
    122.0,
    80.0,
    68.0,
    97.0
  ],
  "p": [
    0.20464665563282797,
    0.40397063026406305,
    0.6452469485881293,
    0.7208971336472758,
    0.7341687957683255,
    0.8341214791619256,
    0.6757675433297525,
    0.6747951434786863,
    0.6294985147103067,
    0.4403697210115732,
    0.29913604634269114
  ]
}