{
  "id": "synthetic_m_3092",
  "x": [
    58.0,
    66.33333333333333,
    76.66666666666666,
    83.0,
    83.0,
    94.33333333333333,
    102.66666666666666,
    110.0,
    111.0,
    115.33333333333333,
    125.66666666666666,
    134.0,
    136.0,
    141.33333333333334,
    148.66666666666666,
    161.0
  ],
  "y": [
    153.0,
    134.33333333333334,
    115.66666666666667,
    101.0,
    49.0,
    65.66666666666666,
    85.33333333333333,
    99.0,
    150.0,
    133.33333333333334,
    115.66666666666667,
    101.0,
    49.0,
    67.66666666666666,
    85.33333333333333,
    102.0
  ],
  "p": [
    0.34349906361226085,
    0.5003016513382129,
    0.5763631376567326,
    0.5917349418976751,
    0.7714741781833896,
    0.7322980014927299,
    0.7499813298781768,
    0.8180733496426942,
    0.7116776458397335,
    0.7181556891208929,
    0.7062552911224601,
    0.625466546660805,
    0.5980922663091567,
    0.5320814017674744,
    0.3100469130422272,
    0.24824144967039258
  ]
}