{
  "id": "synthetic_3_6410",
  "x": [
    142.0,
    129.87878787878788,
    138.96969696969697,
    111.6969696969697,
    93.51515151515152,
    66.24242424242425,
    69.27272727272728,
    48.06060606060606,
    72.30303030303031,
    42.0,
    57.151515151515156
  ],
  "y": [
    146.33333333333331,
    153.0,
    119.66666666666667,
    99.66666666666666,
    106.33333333333334,
    96.33333333333334,
    86.33333333333334,
    59.666666666666664,
    56.333333333333336,
    63.0,
    53.0
  ],
  "p": [
    0.3387996842872938,
    0.468215776591092,
    0.5253626693431022,
    0.7330376323211965,
    0.7203069085007348,
    0.8451964008818066,
    0.7599186021061003,
    0.6723931381376543,
    0.691885402350608,
    0.536758234089232,
    0.28975702967128136
  ]
}