{
  "id": "synthetic_T_8131",
  "x": [
    138.5,
    138.5,
    130.16666666666669,
    130.16666666666669,
    96.83333333333334,
    101.0,
    121.83333333333333,
    151.0,
    134.33333333333331,
    130.16666666666669,
    88.5,
    67.66666666666667,
    76.0,
    71.83333333333333,
    51.0,
    80.16666666666667,
    117.66666666666667,
    126.0,
    105.16666666666666,
    130.16666666666669,
    88.5,
    67.66666666666667,
    109.33333333333334,
    76.0,
    88.5
  ],
  "y": [
    144.48275862068965,
    142.75862068965517,
    130.68965517241378,
    132.41379310344826,
    128.9655172413793,
    118.62068965517241,
    134.13793103448276,
    142.75862068965517,
    160.0,
    144.48275862068965,
    130.68965517241378,
    118.62068965517241,
    110.0,
    99.65517241379311,
    94.48275862068965,
    94.48275862068965,
    82.41379310344828,
    65.17241379310344,
    61.724137931034484,
    60.0,
    66.89655172413794,
    60.0,
    65.17241379310344,
    73.79310344827586,
    68.62068965517241
  ],
  "p": [
    0.20833600561771795,
    0.44412863497107585,
    0.39963279882560865,
    0.5765897754177784,
    0.4626537603575407,
    0.6603177224059352,
    0.6241300974753728,
    0.7826934958619658,
    0.7827500874756139,
    0.7304690325319392,
    0.802459354679144,
    0.8532837867393257,
    0.8059805513050932,
    0.8839632788277396,
    0.8307990413596187,
    0.666610589222203,
    0.6379451687374891,
    0.699353470968197,
    0.5875788379012313,
    0.5636105107533113,
    0.6213373442140704,
    0.45344496571045956,
    0.5039955168244135,
    0.4553133203642731,
    0.29436265732215794
  ]
}