{
  "id": "synthetic_h_6057",
  "x": [
    128.33333333333331,
    145.0,
    128.33333333333331,
    109.28571428571429,
    85.47619047619048,
    106.9047619047619,
    87.85714285714286,
    85.47619047619048,
    97.38095238095238,
    78.33333333333334,
    75.95238095238095,
    59.285714285714285,
    66.42857142857143,
    45.0,
    59.285714285714285
  ],
  "y": [
    48.0,
    69.875,
    88.625,
    79.25,
    73.0,
    73.0,
    79.25,
    101.125,
    107.375,
    126.125,
    119.875,
    116.75,
    148.0,
    135.5,
    110.5
  ],
  "p": [
    0.23825461006602205,
    0.46797688399426396,
    0.4936161910547695,
    0.6106410721280674,
    0.6464394764903595,
    0.6996866970602265,
    0.8137554969787866,
    0.8381625034053335,
    0.7594294200004117,
    0.72179878081927,
    0.6226476537447002,
    0.5265990185514197,
    0.4341919152507412,
    0.39850327923446177,
    0.3412740800240489
  ]
}