{
  "id": "synthetic_u_7857",
  "x": [
    114.22222222222223,
    123.11111111111111,
    107.55555555555556,
    92.0,
    76.44444444444444,
    67.55555555555556,
    65.33333333333333,
    87.55555555555556,
    74.22222222222223,
    52.0,
    74.22222222222223,
    89.77777777777777,
    103.11111111111111,
    109.77777777777777,
    109.77777777777777,
    96.44444444444444,
    116.44444444444444,
    116.44444444444444,
    123.11111111111111,
    145.33333333333331,
    145.33333333333331,
    136.44444444444446,
    152.0
  ],
  "y": [
    58.4054054054054,
    74.62162162162161,
    53.0,
    69.21621621621622,
    66.51351351351352,
    82.72972972972973,
    90.83783783783784,
    117.86486486486487,
    109.75675675675676,
    136.7837837837838,
    128.67567567567568,
    144.89189189189187,
    120.56756756756756,
    120.56756756756756,
    139.48648648648648,
    144.89189189189187,
    153.0,
    147.59459459459458,
    153.0,
    125.97297297297297,
    125.97297297297297,
    120.56756756756756,
    120.56756756756756
  ],
  "p": [
    0.25555232222209023,
    0.45657660269814715,
    0.39260500760659844,
    0.4252669639027802,
    0.515480507927937,
    0.6317260542585978,
    0.6113987707489587,
    0.6379397302097715,
    0.7602970960469624,
    0.8664545944670425,
    0.7292444635002301,
    0.8354983105698774,
    0.7734757825315501,
    0.752408005919269,
    0.6731031218124371,
    0.6709547353280007,
    0.6095733177440145,
    0.5424740420063925,
    0.6667812165183998,
    0.4896486678406109,
    0.43283911605645403,
    0.3572916159381267,
    0.259218426809959
  ]
}