{
  "id": "synthetic_m_6650",
  "x": [
    49.0,
    49.166666666666664,
    53.33333333333333,
    58.5,
    64.66666666666666,
    69.83333333333333,
    71.0,
    72.0,
    78.16666666666667,
    82.33333333333333,
    83.5,
    89.66666666666666,
    92.83333333333333,
    96.0,
    99.0,
    100.16666666666667,
    103.33333333333333,
    107.5,
    113.66666666666666,
    115.83333333333333,
    124.0,
    124.0,
    128.16666666666669,
    131.33333333333334,
    133.5,
    139.66666666666666,
    144.83333333333334,
    148.0
  ],
  "y": [
    160.0,
    149.66666666666666,
    142.33333333333334,
    134.0,
    124.66666666666667,
    115.33333333333334,
    107.0,
    60.0,
    68.33333333333333,
    72.66666666666666,
    82.0,
    90.33333333333333,
    97.66666666666666,
    109.0,
    156.0,
    151.66666666666666,
    142.33333333333334,
    132.0,
    123.66666666666667,
    118.33333333333334,
    106.0,
    56.0,
    64.33333333333333,
    74.66666666666666,
    83.0,
    93.33333333333333,
    97.66666666666666,
    108.0
  ],
  "p": [
    0.3320946847247336,
    0.3692134723548617,
    0.42467078980497586,
    0.49045101004119473,
    0.6172541142268921,
    0.6290434018403739,
    0.582370035735093,
    0.6693221438945449,
    0.7233377633169936,
    0.7260752317840214,
    0.66078860208619,
    0.7146386922543628,
    0.7975828609030715,
    0.767904892401059,
    0.7752913949177943,
    0.7856348615769909,
    0.7476409953884281,
    0.8343295911532331,
    0.8218317278611851,
    0.640263719615379,
    0.5799425345643685,
    0.6124090194009901,
    0.5529676623923916,
    0.45852154647099724,
    0.3890023198890549,
    0.3539252588075154,
    0.3879365820395892,
    0.3932235787251701
  ]
}