{
  "id": "synthetic_C_7367",
  "x": [
    130.0,
    118.0,
    105.0,
    90.0,
    74.0,
    68.0,
    65.0,
    69.0,
    77.0,
    87.0,
    103.0,
    120.0,
    132.0
  ],
  "y": [
    133.0,
    142.0,
    145.0,
    145.0,
    136.0,
    123.0,
    109.0,
    91.0,
    77.0,
    69.0,
    65.0,
    69.0,
    78.0
  ],
  "p": [
    0.29005699731175194,
    0.4384877111510461,
    0.6408245872236886,
    0.71730866727961,
    0.6751209954820928,
    0.8012614916290804,
    0.7266175362605022,
    0.8023261289038789,
    0.6459420367213511,
    0.5783676961896461,
    0.5970090550315871,
    0.37735146994411173,
    0.27548472308015837
  ]
}