{
  "id": "synthetic_V_9201",
  "x": [
    45.0,
    51.25,
    60.5,
    66.75,
    74.0,
    80.25,
    87.5,
    88.75,
    99.0,
    99.0,
    103.25,
    107.5,
    117.75,
    126.0,
    131.25,
    136.5,
    139.75,
    147.0
  ],
  "y": [
    54.0,
    62.5,
    75.0,
    87.5,
    102.0,
    115.5,
    124.0,
    135.5,
    149.0,
    151.0,
    137.5,
    126.0,
    112.5,
    99.0,
    86.5,
    77.0,
    63.5,
    48.0
  ],
  "p": [
    0.20623662792261027,
    0.3615549638621076,
    0.4608496458298058,
    0.6611464908366591,
    0.5583009780333255,
    0.6556330335166707,
    0.775435887206568,
    0.837003189572762,
    0.8803975505154213,
    0.848385469078,
    0.7744004039398342,
    0.8137306625433345,
    0.658742538163885,
    0.7108869876955466,
    0.6622778530142972,
    0.47194467030995113,
    0.46295459215190204,
    0.3527959521478792
  ]
}