{
  "id": "synthetic_2_8285",
  "x": [
    139.3529411764706,
    155.03921568627453,
    143.27450980392157,
    137.39215686274508,
    137.39215686274508,
    157.0,
    153.078431372549,
    137.39215686274508,
    123.66666666666667,
    121.70588235294117,
    113.86274509803921,
    111.90196078431373,
    113.86274509803921,
    96.2156862745098,
    106.01960784313727,
    109.94117647058823,
    92.29411764705883,
    96.2156862745098,
    88.37254901960785,
    72.68627450980392,
    57.0,
    70.72549019607843,
    90.33333333333334,
    86.41176470588235,
    78.56862745098039
  ],
  "y": [
    107.38461538461539,
    68.92307692307692,
    88.15384615384616,
    80.46153846153845,
    111.23076923076923,
    84.3076923076923,
    65.07692307692308,
    68.92307692307692,
    103.53846153846155,
    88.15384615384616,
    84.3076923076923,
    122.76923076923077,
    95.84615384615384,
    111.23076923076923,
    126.61538461538461,
    142.0,
    107.38461538461539,
    68.92307692307692,
    42.0,
    76.61538461538461,
    95.84615384615384,
    99.6923076923077,
    103.53846153846155,
    126.61538461538461,
    107.38461538461539
  ],
  "p": [
    0.292304268172664,
    0.3303809563830951,
    0.36809841765799445,
    0.5125858351573495,
    0.5485227401394366,
    0.6092973910866712,
    0.6142219407482953,
    0.6096445799373998,
    0.7776085822911286,
    0.7023304468203674,
    0.7210766016797616,
    0.7096807049313972,
    0.8596539993072905,
    0.8404849220224834,
    0.8554363789247209,
    0.69970306399252,
    0.7438889913128064,
    0.7204838967318673,
    0.6714796832252049,
    0.6851758816295802,
    0.4978837028684999,
    0.4060858652009262,
    0.3377561610040135,
    0.35462413730020903,
    0.35446054006272115
  ]
}