{
  "id": "synthetic_m_9798",
  "x": [
    42.0,
    50.0,
    53.0,
    60.0,
    64.0,
    70.0,
    69.0,
    74.0,
    79.0,
    86.0,
    90.0,
    95.0,
    94.0,
    98.0,
    102.0,
    108.0,
    115.0,
    118.0,
    117.0,
    125.0,
    130.0,
    133.0,
    137.0,
    145.0
  ],
  "y": [
    158.0,
    150.0,
    138.0,
    126.0,
    116.0,
    106.0,
    57.0,
    70.0,
    80.0,
    88.0,
    100.0,
    109.0,
    158.0,
    146.0,
    136.0,
    126.0,
    120.0,
    108.0,
    60.0,
    68.0,
    76.0,
    88.0,
    96.0,
    108.0
  ],
  "p": [
    0.2339494039171495,
    0.46064712894836035,
    0.40160592662581246,
    0.5729563669345608,
    0.6386096733865072,
    0.7037686817566948,
    0.5978992797114384,
    0.6529702339610589,
    0.6851845396800702,
    0.8451800954642803,
    0.7275775678822213,
    0.8135005686360156,
    0.8320478511782399,
    0.8721328042014318,
    0.8674053590794688,
    0.8140507993235803,
    0.7463275553747156,
    0.6253438601313864,
    0.669560532908948,
    0.579960335636937,
    0.49674679529476173,
    0.46026328956251916,
    0.3488193762800931,
    0.2243020354679579
  ]
}