{
  "id": "synthetic_8_5043",
  "x": [
    86.0952380952381,
    95.61904761904762,
    100.38095238095238,
    100.38095238095238,
    148.0,
    143.23809523809524,
    114.66666666666667,
    148.0,
    138.47619047619048,
    109.9047619047619,
    90.85714285714286,
    100.38095238095238,
    81.33333333333334,
    114.66666666666667,
    76.57142857142857,
    109.9047619047619,
    90.85714285714286,
    109.9047619047619,
    138.47619047619048,
    114.66666666666667,
    67.04761904761905,
    48.0,
    76.57142857142857,
    86.0952380952381,
    95.61904761904762,
    119.42857142857143
  ],
  "y": [
    141.0,
    130.33333333333331,
    117.0,
    109.0,
    97.0,
    91.66666666666666,
    93.0,
    81.0,
    67.66666666666667,
    63.66666666666667,
    54.333333333333336,
    41.0,
    47.666666666666664,
    47.666666666666664,
    50.333333333333336,
    63.66666666666667,
    71.66666666666667,
    81.0,
    73.0,
    61.0,
    67.66666666666667,
    81.0,
    91.66666666666666,
    83.66666666666666,
    75.66666666666666,
    87.66666666666666
  ],
  "p": [
    0.3288032041737351,
    0.2956951176320612,
    0.49805832007072537,
    0.5337769799198739,
    0.4805504670723426,
    0.5835277169770559,
    0.6652404757401389,
    0.728723657112253,
    0.7587011838873009,
    0.6720979641215107,
    0.8661995144837751,
    0.7135595159316914,
    0.8532007911515571,
    0.8875604021010396,
    0.744430960875976,
    0.7865339164483943,
    0.6657791209751693,
    0.7595441439157946,
    0.6482286671542776,
    0.6395215428334831,
    0.49400378661815053,
    0.6298306005146714,
    0.5589171280875451,
    0.4478423235474005,
    0.3827489112086553,
    0.2758623089316132
  ]
}