{
  "id": "synthetic_B_1083",
  "x": [
    116.6842105263158,
    121.94736842105263,
    95.63157894736841,
    69.3157894736842,
    48.26315789473684,
    45.631578947368425,
    66.6842105263158,
    45.631578947368425,
    43.0,
    66.6842105263158,
    58.78947368421053,
    58.78947368421053,
    85.10526315789474,
    87.73684210526315,
    95.63157894736841,
    103.52631578947368,
    82.47368421052632,
    106.15789473684211,
    100.89473684210526,
    116.6842105263158,
    108.78947368421052,
    124.57894736842105,
    143.0,
    119.3157894736842,
    106.15789473684211,
    132.4736842105263,
    127.21052631578948
  ],
  "y": [
    73.125,
    91.875,
    95.0,
    76.25,
    79.375,
    107.5,
    113.75,
    91.875,
    82.5,
    70.0,
    45.0,
    76.25,
    85.625,
    101.25,
    123.125,
    138.75,
    141.875,
    126.25,
    145.0,
    135.625,
    107.5,
    129.375,
    126.25,
    98.125,
    82.5,
    110.625,
    82.5
  ],
  "p": [
    0.38668724954681244,
    0.3766921348226919,
    0.46329424067507974,
    0.4558296333040004,
    0.6127947313554694,
    0.675833267150573,
    0.5559575392686363,
    0.5744899738394154,
    0.6314643517608349,
    0.79578485414027,
    0.8617961196329145,
    0.7523664414367459,
    0.8775249781853894,
    0.886607669167222,
    0.8348651619647666,
    0.7700684132385598,
    0.7756179841612985,
    0.6506138934529195,
    0.7194095477808629,
    0.6747481486729544,
    0.5342999732435613,
    0.5729395694487068,
    0.5777300325649062,
    0.5001282264933419,
    0.4690684492874719,
    0.31224087389212807,
    0.28848839145735217
  ]
}