{
  "id": "synthetic_r_2194",
  "x": [
    89.33333333333334,
    56.0,
    93.03703703703704,
    126.37037037037037,
    93.03703703703704,
    78.22222222222223,
    96.74074074074073,
    81.92592592592592,
    56.0,
    89.33333333333334,
    122.66666666666667,
    89.33333333333334,
    96.74074074074073,
    115.25925925925927,
    104.14814814814815,
    141.1851851851852,
    156.0,
    141.1851851851852
  ],
  "y": [
    90.78048780487805,
    76.14634146341464,
    56.63414634146341,
    42.0,
    66.39024390243902,
    88.34146341463415,
    93.21951219512195,
    105.41463414634146,
    120.04878048780488,
    127.36585365853658,
    102.97560975609755,
    120.04878048780488,
    142.0,
    122.48780487804878,
    110.29268292682927,
    85.90243902439025,
    68.82926829268293,
    61.51219512195122
  ],
  "p": [
    0.3445147220355075,
    0.4132174643693628,
    0.5637634443421617,
    0.6630828159819967,
    0.5605788982490233,
    0.7204292078235909,
    0.8197105176081886,
    0.6916499925818844,
    0.8016004412716543,
    0.8526351119429232,
    0.7662017343573247,
    0.8350792844254845,
    0.6632744254022359,
    0.5697972266153601,
    0.5695900562652659,
    0.4039548703960473,
    0.3228109676124544,
    0.37032540150645754
  ]
}