{
  "id": "synthetic_Y_1984",
  "x": [
    43.0,
    60.64705882352941,
    78.29411764705883,
    74.37254901960785,
    93.98039215686273,
    113.58823529411765,
    115.54901960784314,
    115.54901960784314,
    119.47058823529412,
    107.70588235294117,
    123.3921568627451,
    143.0
  ],
  "y": [
    136.28571428571428,
    129.14285714285714,
    147.0,
    122.0,
    111.28571428571429,
    89.85714285714286,
    57.714285714285715,
    64.85714285714286,
    93.42857142857143,
    82.71428571428572,
    47.0,
    68.42857142857143
  ],
  "p": [
    0.20689711283552284,
    0.522410920169736,
    0.5199613701106762,
    0.5990397405010575,
    0.68560771857178,
    0.7820694041488467,
    0.7536507256599656,
    0.8477793398118134,
    0.6229873146898094,
    0.6284396439332134,
    0.35129409425706315,
    0.3855612112782588
  ]
}