{
  "id": "synthetic_p_9013",
  "x": [
    81.03703703703704,
    73.62962962962963,
    58.81481481481482,
    44.0,
    81.03703703703704,
    106.96296296296296,
    69.92592592592592,
    81.03703703703704,
    110.66666666666667,
    144.0,
    110.66666666666667,
    88.44444444444444,
    62.51851851851852,
    69.92592592592592,
    99.55555555555556,
    88.44444444444444
  ],
  "y": [
    81.0,
    107.66666666666666,
    124.33333333333333,
    121.0,
    151.0,
    141.0,
    107.66666666666666,
    84.33333333333334,
    101.0,
    67.66666666666667,
    84.33333333333334,
    61.0,
    51.0,
    77.66666666666667,
    111.0,
    127.66666666666667
  ],
  "p": [
    0.3415436573643328,
    0.31540174609677296,
    0.481628997476755,
    0.6464953575195727,
    0.7050519696078827,
    0.818999037606129,
    0.68373777622211,
    0.7479247916831778,
    0.7231374200250948,
    0.7613745723011323,
    0.7183820707258701,
    0.7365858064794536,
    0.6739268082836111,
    0.533677038000449,
    0.44891304045426805,
    0.2931133879944494
  ]
}