{
  "id": "synthetic_6_5667",
  "x": [
    142.0,
    129.9310344827586,
    131.6551724137931,
    131.6551724137931,
    128.20689655172413,
    117.86206896551724,
    131.6551724137931,
    117.86206896551724,
    104.06896551724138,
    105.79310344827587,
    97.17241379310344,
    112.6896551724138,
    119.58620689655173,
    105.79310344827587,
    123.03448275862068,
    116.13793103448276,
    131.6551724137931,
    124.75862068965517,
    121.3103448275862,
    105.79310344827587,
    105.79310344827587,
    97.17241379310344,
    81.65517241379311,
    76.48275862068965,
    69.58620689655172,
    59.241379310344826,
    42.0
  ],
  "y": [
    98.41025641025641,
    124.05128205128206,
    142.0,
    126.61538461538461,
    113.7948717948718,
    124.05128205128206,
    136.87179487179486,
    136.87179487179486,
    129.17948717948718,
    108.66666666666667,
    98.41025641025641,
    103.53846153846155,
    83.02564102564102,
    90.71794871794872,
    72.76923076923077,
    49.69230769230769,
    42.0,
    67.64102564102564,
    47.12820512820513,
    59.94871794871795,
    54.82051282051282,
    52.256410256410255,
    47.12820512820513,
    57.38461538461539,
    80.46153846153845,
    77.8974358974359,
    90.71794871794872
  ],
  "p": [
    0.22388611473258252,
    0.4405456538802822,
    0.4344660022494352,
    0.49693806382824307,
    0.5774359226849566,
    0.6189060153744035,
    0.7308804471852015,
    0.6048163592658335,
    0.7467649397476182,
    0.6818882217669525,
    0.7663474152391513,
    0.7383319385118383,
    0.7566098622669296,
    0.8747323385766743,
    0.773954968606686,
    0.7406675050421182,
    0.807877931172266,
    0.7627236305679834,
    0.7629308122623697,
    0.6052822441217922,
    0.7161874736743232,
    0.5594296593644559,
    0.5190909910734118,
    0.38252158960999405,
    0.480767667249472,
    0.3275602732153129,
    0.24614946142296715
  ]
}