{
  "id": "synthetic_G_3587",
  "x": [
    140.0,
    127.5,
    125.0,
    150.0,
    155.0,
    147.5,
    147.5,
    152.5,
    137.5,
    122.5,
    107.5,
    120.0,
    137.5,
    115.0,
    90.0,
    80.0,
    72.5,
    92.5,
    70.0,
    77.5,
    55.0,
    70.0,
    87.5,
    77.5,
    62.5
  ],
  "y": [
    65.04761904761905,
    60.285714285714285,
    65.04761904761905,
    55.523809523809526,
    61.87301587301587,
    47.58730158730159,
    46.0,
    55.523809523809526,
    71.39682539682539,
    72.98412698412699,
    79.33333333333334,
    65.04761904761905,
    79.33333333333334,
    95.20634920634922,
    101.55555555555556,
    117.42857142857143,
    107.9047619047619,
    119.01587301587301,
    126.95238095238095,
    136.47619047619048,
    136.47619047619048,
    134.88888888888889,
    133.3015873015873,
    146.0,
    130.12698412698413
  ],
  "p": [
    0.31599997571619215,
    0.33371593572628483,
    0.407773381753451,
    0.41590917281609974,
    0.5016757595620075,
    0.6085155805744534,
    0.696205651658166,
    0.6191898954146526,
    0.7591913639049754,
    0.7331815835871425,
    0.8235991645782477,
    0.8393497963911754,
    0.8362600612068645,
    0.8896960085407136,
    0.8148783000430793,
    0.7199242956603756,
    0.6903229346749202,
    0.7167595082621223,
    0.5845284354945215,
    0.6005750224363798,
    0.5664847299481397,
    0.5265447420645021,
    0.48535070143273423,
    0.3956965089921807,
    0.27422759766080584
  ]
}