{
  "id": "synthetic_N_7469",
  "x": [
    44.38095238095238,
    56.285714285714285,
    42.0,
    61.04761904761905,
    75.33333333333334,
    70.57142857142857,
    82.47619047619048,
    106.28571428571429,
    111.04761904761905,
    96.76190476190476,
    87.23809523809524,
    68.19047619047619,
    92.0,
    101.52380952380952,
    92.0,
    106.28571428571429,
    122.95238095238095,
    127.71428571428571,
    125.33333333333333,
    118.19047619047619,
    142.0,
    118.19047619047619,
    111.04761904761905,
    96.76190476190476,
    101.52380952380952,
    96.76190476190476,
    84.85714285714286,
    61.04761904761905,
    46.76190476190476
  ],
  "y": [
    114.96774193548387,
    134.32258064516128,
    102.06451612903226,
    127.87096774193549,
    134.32258064516128,
    124.64516129032258,
    127.87096774193549,
    118.19354838709677,
    127.87096774193549,
    144.0,
    140.7741935483871,
    134.32258064516128,
    114.96774193548387,
    114.96774193548387,
    92.38709677419355,
    73.03225806451613,
    85.93548387096774,
    89.16129032258064,
    105.29032258064515,
    82.70967741935485,
    69.80645161290323,
    76.25806451612902,
    44.0,
    69.80645161290323,
    79.48387096774194,
    105.29032258064515,
    92.38709677419355,
    63.35483870967742,
    50.45161290322581
  ],
  "p": [
    0.3402149018850219,
    0.4170462841324758,
    0.36440124314460304,
    0.5519358352197062,
    0.45974551769860866,
    0.4705920253036733,
    0.610051751701678,
    0.6971721077122663,
    0.6531383908680854,
    0.7907037790825453,
    0.8291555725975227,
    0.68238011061488,
    0.7492828217797073,
    0.7913472890497902,
    0.8275013322551616,
    0.7612369583061426,
    0.7907694043725444,
    0.6757038452264263,
    0.8237580628630256,
    0.7956560913490753,
    0.6875352672399584,
    0.6735827444839081,
    0.698887882278808,
    0.6564732468583266,
    0.5083536329417231,
    0.537584799309764,
    0.4732283392178961,
    0.27772271763332035,
    0.3024603272339857
  ]
}