{
  "id": "synthetic_w_1202",
  "x": [
    52.0,
    54.166666666666664,
    57.333333333333336,
    61.5,
    64.66666666666667,
    70.83333333333333,
    71.0,
    78.16666666666667,
    84.33333333333334,
    85.33333333333334,
    89.50000000000001,
    89.66666666666667,
    97.83333333333334,
    98.00000000000001,
    104.16666666666667,
    110.33333333333334,
    114.50000000000001,
    114.66666666666669,
    114.66666666666667,
    120.83333333333334,
    127.0,
    126.16666666666669,
    135.33333333333334,
    135.5,
    137.66666666666669,
    143.83333333333334,
    149.0
  ],
  "y": [
    56.0,
    73.5,
    81.0,
    98.5,
    109.0,
    119.5,
    133.0,
    147.5,
    157.0,
    157.0,
    146.5,
    136.0,
    120.5,
    111.0,
    96.5,
    86.0,
    72.5,
    62.0,
    58.0,
    69.5,
    84.0,
    93.5,
    109.0,
    122.5,
    135.0,
    143.5,
    162.0
  ],
  "p": [
    0.3881970369604984,
    0.42304029453136427,
    0.3751438192874422,
    0.41367530457454793,
    0.500354332292495,
    0.6137933116570595,
    0.7129489203177803,
    0.7322736689529015,
    0.6739583145489639,
    0.8354339665319953,
    0.8525868223094244,
    0.7891561727998683,
    0.7946900343659768,
    0.8002041038661193,
    0.7125928721879186,
    0.7256509561885156,
    0.8528333886534816,
    0.6860512890909397,
    0.7985013212864367,
    0.6353361127670961,
    0.6097268490449868,
    0.5494511036346852,
    0.47772059515009985,
    0.5645800152936116,
    0.5003929235159368,
    0.37437227374521087,
    0.2670571810855107
  ]
}