{
  "id": "synthetic_5_8032",
  "x": [
    143.0,
    107.0,
    79.0,
    51.0,
    55.0,
    59.0,
    83.0,
    83.0,
    55.0,
    83.0,
    83.0,
    111.0,
    151.0
  ],
  "y": [
    91.85185185185185,
    125.18518518518519,
    140.0,
    128.88888888888889,
    106.66666666666667,
    91.85185185185185,
    84.44444444444444,
    95.55555555555556,
    106.66666666666667,
    69.62962962962963,
    58.51851851851852,
    40.0,
    40.0
  ],
  "p": [
    0.3164278579244668,
    0.4112070662147055,
    0.46363491710694776,
    0.565010001804465,
    0.6743809988887681,
    0.8442499315849892,
    0.8620277657529131,
    0.8694680333649855,
    0.6651992154091967,
    0.7239466963555155,
    0.530797795566356,
    0.5293427572390886,
    0.3750911199531658
  ]
}