{
  "id": "synthetic_G_4067",
  "x": [
    121.41935483870968,
    144.0,
    118.19354838709677,
    95.61290322580645,
    95.61290322580645,
    127.87096774193549,
    121.41935483870968,
    89.16129032258064,
    76.25806451612902,
    44.0,
    53.67741935483871,
    56.903225806451616
  ],
  "y": [
    49.0,
    129.0,
    139.0,
    149.0,
    119.0,
    129.0,
    139.0,
    129.0,
    79.0,
    79.0,
    139.0,
    99.0
  ],
  "p": [
    0.3796728181815229,
    0.4848281260749415,
    0.4977208825143279,
    0.7464103722134497,
    0.7580167056506361,
    0.7541393775591582,
    0.7705988143595922,
    0.7284172257904158,
    0.7436506889406165,
    0.4840250524451576,
    0.3963906655459692,
    0.2655326211933911
  ]
}