{
  "id": "synthetic_b_1828",
  "x": [
    75.35483870967742,
    101.16129032258064,
    101.16129032258064,
    88.25806451612902,
    56.0,
    88.25806451612902,
    104.38709677419355,
    75.35483870967742,
    78.58064516129032,
    94.70967741935485,
    126.96774193548387,
    117.29032258064515,
    146.32258064516128,
    146.32258064516128,
    149.5483870967742,
    156.0,
    143.09677419354838,
    136.64516129032256,
    114.06451612903226,
    91.48387096774194,
    68.90322580645162,
    101.16129032258064,
    110.83870967741936,
    133.4193548387097,
    146.32258064516128,
    123.74193548387096
  ],
  "y": [
    97.63636363636363,
    81.27272727272728,
    88.54545454545455,
    70.36363636363636,
    74.0,
    81.27272727272728,
    75.81818181818181,
    68.54545454545455,
    75.81818181818181,
    79.45454545454545,
    66.72727272727272,
    72.18181818181819,
    54.0,
    72.18181818181819,
    77.63636363636364,
    95.81818181818181,
    104.9090909090909,
    86.72727272727272,
    94.0,
    92.18181818181819,
    106.72727272727272,
    119.45454545454545,
    115.81818181818181,
    117.63636363636363,
    135.8181818181818,
    154.0
  ],
  "p": [
    0.21644464447472467,
    0.3082827271191511,
    0.4637173347766572,
    0.4663379096641657,
    0.44850775762240613,
    0.6618830460133325,
    0.6548028061157405,
    0.644083917110883,
    0.7492860727976302,
    0.7781021023429897,
    0.840842499740002,
    0.8748443295306426,
    0.7000464399492305,
    0.8606492075742243,
    0.7721361875367979,
    0.743029326709692,
    0.6825182985765483,
    0.7005789686889627,
    0.6644342316772537,
    0.6994240611441225,
    0.5867310691427353,
    0.4427250460630543,
    0.5116396122164295,
    0.43786950098199073,
    0.43466218262206613,
    0.2657584134585995
  ]
}