{
  "id": "synthetic_W_9394",
  "x": [
    54.0,
    62.55555555555556,
    67.11111111111111,
    73.66666666666667,
    74.22222222222221,
    83.77777777777777,
    86.33333333333334,
    90.33333333333334,
    89.8888888888889,
    99.44444444444446,
    105.00000000000001,
    111.55555555555556,
    117.11111111111111,
    118.66666666666669,
    117.66666666666667,
    129.22222222222223,
    134.77777777777777,
    137.33333333333334,
    143.88888888888889,
    145.44444444444446,
    156.0
  ],
  "y": [
    53.0,
    72.66666666666666,
    88.33333333333333,
    106.0,
    121.66666666666666,
    136.33333333333331,
    154.0,
    154.0,
    138.33333333333334,
    121.66666666666667,
    103.0,
    92.33333333333334,
    74.66666666666667,
    55.0,
    53.0,
    70.66666666666666,
    91.33333333333333,
    105.0,
    121.66666666666666,
    142.33333333333331,
    154.0
  ],
  "p": [
    0.3488999415881716,
    0.28817937914423986,
    0.5058503973467222,
    0.5038138944124012,
    0.5264305194961341,
    0.5893459900378222,
    0.6921129986257223,
    0.8133332324753366,
    0.8154956371701452,
    0.7361491773765525,
    0.8797525942390793,
    0.7321963029226108,
    0.8718151535528391,
    0.6598637798015647,
    0.7177083391537417,
    0.720363746196256,
    0.5745285293535083,
    0.5616805087192404,
    0.39435466401738967,
    0.35072977565483343,
    0.3797506176455322
  ]
}