{
  "id": "synthetic_J_4929",
  "x": [
    79.07692307692308,
    56.0,
    75.23076923076923,
    94.46153846153845,
    132.9230769230769,
    106.0,
    132.9230769230769,
    144.46153846153845,
    109.84615384615384,
    140.6153846153846,
    113.6923076923077,
    102.15384615384616,
    75.23076923076923,
    98.3076923076923,
    121.38461538461539,
    136.76923076923077,
    156.0
  ],
  "y": [
    60.79310344827586,
    47.0,
    78.0344827586207,
    50.44827586206897,
    53.89655172413793,
    88.37931034482759,
    64.24137931034483,
    84.93103448275862,
    67.6896551724138,
    84.93103448275862,
    81.48275862068965,
    95.27586206896552,
    112.51724137931035,
    119.41379310344827,
    119.41379310344827,
    122.86206896551724,
    147.0
  ],
  "p": [
    0.3710385729104758,
    0.33269888248567664,
    0.40920800799240015,
    0.6124587335841589,
    0.7369593646032528,
    0.6311965503228989,
    0.6623408919821965,
    0.7458187565466606,
    0.7754644427037586,
    0.7763905650416327,
    0.737566076240478,
    0.6646920140539236,
    0.7408304593208341,
    0.49186411782489936,
    0.4905624576968245,
    0.38621320551425825,
    0.39338547289481773
  ]
}