{
  "id": "synthetic_E_6810",
  "x": [
    157.0,
    135.72340425531917,
    127.2127659574468,
    105.93617021276596,
    99.5531914893617,
    80.40425531914894,
    99.5531914893617,
    86.7872340425532,
    74.02127659574468,
    57.0,
    67.63829787234043,
    71.8936170212766,
    76.14893617021276,
    84.65957446808511,
    67.63829787234043,
    78.27659574468085,
    93.17021276595744
  ],
  "y": [
    130.42857142857144,
    92.33333333333334,
    111.38095238095238,
    73.28571428571429,
    97.0952380952381,
    111.38095238095238,
    116.14285714285714,
    87.57142857142857,
    111.38095238095238,
    154.23809523809524,
    130.42857142857144,
    159.0,
    144.71428571428572,
    130.42857142857144,
    92.33333333333334,
    92.33333333333334,
    59.0
  ],
  "p": [
    0.3056043592543314,
    0.41330359602321115,
    0.5229736671163825,
    0.4915508654589149,
    0.7117519451759442,
    0.7409068913983403,
    0.7673777440511449,
    0.8317663077984068,
    0.8074010774906049,
    0.8885275617805629,
    0.7332698403005533,
    0.616229124039666,
    0.6978553045499516,
    0.5860879086541814,
    0.410985827152325,
    0.3638336292895247,
    0.20407087206214747
  ]
}