{
  "id": "synthetic_t_6415",
  "x": [
    95.75,
    102.0,
    133.25,
    108.25,
    152.0,
    95.75,
    83.25,
    83.25,
    52.0,
    58.25,
    77.0
  ],
  "y": [
    92.38095238095238,
    120.95238095238095,
    92.38095238095238,
    140.0,
    130.47619047619048,
    130.47619047619048,
    82.85714285714286,
    40.0,
    82.85714285714286,
    116.19047619047619,
    68.57142857142857
  ],
  "p": [
    0.3646301077823848,
    0.5441092087020822,
    0.4941479550626372,
    0.7544211167032858,
    0.6964636741322625,
    0.7339657170199753,
    0.7266712624413096,
    0.6767775183935623,
    0.4987099875547949,
    0.4552087070294014,
    0.31216334157365355
  ]
}