{
  "id": "synthetic_j_6372",
  "x": [
    97.0,
    62.0,
    67.0,
    102.0,
    147.0,
    107.0,
    122.0,
    102.0,
    87.0,
    47.0,
    92.0,
    122.0,
    92.0
  ],
  "y": [
    56.0,
    77.42857142857143,
    89.33333333333334,
    91.71428571428572,
    101.23809523809524,
    125.04761904761905,
    136.95238095238096,
    156.0,
    139.33333333333331,
    117.9047619047619,
    120.28571428571429,
    136.95238095238096,
    129.8095238095238
  ],
  "p": [
    0.3632688264854852,
    0.4942668971798087,
    0.5112701410388206,
    0.6503694480829239,
    0.7776388779827335,
    0.8493479530181081,
    0.7288488278569905,
    0.7534691244813908,
    0.728690380251232,
    0.5642446321477173,
    0.5605172225444617,
    0.37398451099310714,
    0.3833932261686455
  ]
}