{
  "id": "synthetic_F_9473",
  "x": [
    65.78947368421052,
    60.526315789473685,
    63.1578947368421,
    50.0,
    71.05263157894737,
    68.42105263157895,
    73.6842105263158,
    86.84210526315789,
    78.94736842105263,
    81.57894736842105,
    102.63157894736841,
    123.6842105263158,
    144.73684210526318,
    128.94736842105263,
    128.94736842105263,
    150.0,
    136.8421052631579,
    121.05263157894737,
    113.15789473684211,
    89.47368421052632,
    86.84210526315789,
    71.05263157894737,
    52.631578947368425
  ],
  "y": [
    57.0,
    57.0,
    70.95348837209302,
    70.95348837209302,
    70.95348837209302,
    87.23255813953489,
    68.62790697674419,
    70.95348837209302,
    91.88372093023256,
    96.53488372093022,
    110.48837209302326,
    124.44186046511628,
    133.74418604651163,
    157.0,
    140.72093023255815,
    119.7906976744186,
    133.74418604651163,
    117.46511627906978,
    108.16279069767441,
    122.11627906976744,
    115.13953488372093,
    124.44186046511628,
    103.51162790697674
  ],
  "p": [
    0.39713662311151077,
    0.45175099591384493,
    0.35345467576709605,
    0.5292660602732295,
    0.5051305997905137,
    0.7227257215939109,
    0.7622292373346138,
    0.6728374944464846,
    0.7187081994042781,
    0.7909293019676027,
    0.8152072284366185,
    0.8681498296850488,
    0.8169510674079777,
    0.7648097623468565,
    0.8287957792840613,
    0.740200826744477,
    0.7164556287316068,
    0.5759358741236787,
    0.6492204806477867,
    0.487364383460139,
    0.42210189840048035,
    0.40962335025909336,
    0.33735197805956496
  ]
}