{
  "id": "synthetic_E_3885",
  "x": [
    142.4736842105263,
    153.0,
    150.36842105263156,
    147.73684210526318,
    121.42105263157895,
    97.73684210526315,
    81.94736842105263,
    55.631578947368425,
    53.0,
    74.05263157894737,
    55.631578947368425
  ],
  "y": [
    137.95652173913044,
    120.56521739130434,
    151.0,
    107.52173913043478,
    98.82608695652175,
    85.78260869565217,
    77.08695652173913,
    51.0,
    77.08695652173913,
    55.34782608695652,
    85.78260869565217
  ],
  "p": [
    0.3639110516725138,
    0.3803694442921599,
    0.6590955187423426,
    0.7263921871877181,
    0.7601892132919252,
    0.7679786972845282,
    0.7302875571337605,
    0.7523970614341975,
    0.6717783675356943,
    0.4683847557796772,
    0.22376001519060734
  ]
}