{
  "id": "synthetic_T_6902",
  "x": [
    82.53061224489795,
    102.93877551020408,
    104.9795918367347,
    119.26530612244898,
    127.42857142857143,
    135.59183673469386,
    156.0,
    137.6326530612245,
    117.22448979591837,
    131.51020408163265,
    115.18367346938776,
    94.77551020408163,
    84.57142857142857,
    64.16326530612245,
    82.53061224489795,
    92.73469387755102,
    111.10204081632654,
    129.46938775510205,
    131.51020408163265,
    123.34693877551021,
    117.22448979591837,
    104.9795918367347,
    121.3061224489796,
    113.14285714285714,
    104.9795918367347,
    88.65306122448979,
    70.28571428571429,
    58.04081632653061,
    56.0
  ],
  "y": [
    50.0,
    62.82051282051282,
    55.12820512820513,
    70.51282051282051,
    75.64102564102564,
    83.33333333333334,
    80.76923076923077,
    57.69230769230769,
    60.256410256410255,
    60.256410256410255,
    75.64102564102564,
    65.38461538461539,
    91.02564102564102,
    70.51282051282051,
    93.58974358974359,
    119.23076923076923,
    124.35897435897436,
    132.05128205128204,
    150.0,
    137.17948717948718,
    129.4871794871795,
    142.30769230769232,
    119.23076923076923,
    132.05128205128204,
    116.66666666666667,
    106.41025641025641,
    116.66666666666667,
    121.7948717948718,
    121.7948717948718
  ],
  "p": [
    0.36957345106348116,
    0.4229769044916786,
    0.3844585130889907,
    0.44891336296365614,
    0.5251990877819861,
    0.5402677533098729,
    0.6054788318978165,
    0.5886526586133302,
    0.6572593216405479,
    0.7924966604134293,
    0.7405118155514775,
    0.6799741978273179,
    0.7178213444139732,
    0.8964989590529765,
    0.70928816622765,
    0.7964064941997185,
    0.7595162961206517,
    0.759496063504041,
    0.7203381167510512,
    0.7395922795087538,
    0.7031535512026201,
    0.6558375284020423,
    0.6727420784902743,
    0.641433354560325,
    0.4658438029314195,
    0.43513954048182946,
    0.4121300375582192,
    0.39848802931490046,
    0.32299901840122375
  ]
}