{
  "id": "synthetic_z_6736",
  "x": [
    160.0,
    146.95652173913044,
    116.52173913043478,
    112.17391304347825,
    81.73913043478261,
    60.0,
    73.04347826086956,
    64.34782608695652,
    90.43478260869566,
    73.04347826086956,
    99.13043478260869,
    73.04347826086956
  ],
  "y": [
    127.41379310344827,
    110.17241379310344,
    134.31034482758622,
    155.0,
    134.31034482758622,
    120.51724137931035,
    86.0344827586207,
    55.0,
    65.34482758620689,
    72.24137931034483,
    89.48275862068965,
    110.17241379310344
  ],
  "p": [
    0.34817007710450054,
    0.5318946726165882,
    0.6671843575485715,
    0.622730410770557,
    0.6676707156298269,
    0.8424636663918561,
    0.7737931332397714,
    0.8335169517333407,
    0.6028590475128214,
    0.48565656029695425,
    0.4920466786954726,
    0.22788699277982943
  ]
}