{
  "id": "synthetic_k_7083",
  "x": [
    91.14814814814815,
    54.111111111111114,
    50.407407407407405,
    50.407407407407405,
    68.92592592592592,
    87.44444444444444,
    98.55555555555556,
    80.03703703703704,
    102.25925925925927,
    91.14814814814815,
    117.07407407407408,
    139.2962962962963,
    143.0,
    120.77777777777777,
    109.66666666666667,
    87.44444444444444,
    76.33333333333334,
    43.0,
    68.92592592592592
  ],
  "y": [
    125.33333333333333,
    133.66666666666669,
    137.83333333333331,
    142.0,
    142.0,
    104.5,
    87.83333333333334,
    75.33333333333334,
    87.83333333333334,
    71.16666666666667,
    42.0,
    67.0,
    75.33333333333334,
    117.0,
    96.16666666666666,
    108.66666666666667,
    117.0,
    96.16666666666666,
    121.16666666666667
  ],
  "p": [
    0.27568925486448437,
    0.31640906684678644,
    0.4894475514552774,
    0.5209029325953599,
    0.5663508713507837,
    0.6236319910950961,
    0.6629593638720577,
    0.7227580082186702,
    0.8751581314045612,
    0.8636479448050106,
    0.8082192648697023,
    0.8381827714833198,
    0.6425408976007018,
    0.6596817261954109,
    0.6191603110754142,
    0.5382489614936061,
    0.5078951699253766,
    0.29377699229344695,
    0.3784783810599959
  ]
}