{
  "id": "synthetic_f_5694",
  "x": [
    53.0,
    73.6896551724138,
    87.48275862068965,
    94.37931034482759,
    77.13793103448276,
    104.72413793103448,
    132.31034482758622,
    153.0,
    118.51724137931035,
    146.10344827586206,
    153.0,
    125.41379310344827,
    128.86206896551724
  ],
  "y": [
    90.93548387096774,
    71.58064516129032,
    74.80645161290323,
    81.25806451612902,
    49.0,
    78.03225806451613,
    84.48387096774194,
    107.06451612903226,
    100.61290322580645,
    116.74193548387096,
    149.0,
    132.8709677419355,
    110.29032258064515
  ],
  "p": [
    0.21987798800705663,
    0.35256505129747656,
    0.6118764493433023,
    0.6663823781609137,
    0.8054454712964567,
    0.7274147423453704,
    0.7222820910949308,
    0.8276077842734922,
    0.6338416512170892,
    0.72890788429099,
    0.5489543598483861,
    0.35227994357032033,
    0.3434662895125955
  ]
}