{
  "id": "synthetic_Q_1449",
  "x": [
    80.92307692307692,
    119.38461538461539,
    154.0,
    119.38461538461539,
    104.0,
    96.3076923076923,
    96.3076923076923,
    107.84615384615384,
    107.84615384615384,
    96.3076923076923,
    88.61538461538461,
    127.07692307692308,
    115.53846153846155,
    134.76923076923077,
    123.23076923076923,
    84.76923076923077,
    61.69230769230769,
    84.76923076923077,
    57.84615384615385,
    77.07692307692308,
    54.0,
    80.92307692307692
  ],
  "y": [
    55.0,
    55.0,
    64.7560975609756,
    74.51219512195122,
    96.46341463414635,
    98.90243902439025,
    108.65853658536585,
    84.26829268292683,
    108.65853658536585,
    111.09756097560975,
    108.65853658536585,
    133.0487804878049,
    145.2439024390244,
    155.0,
    147.6829268292683,
    145.2439024390244,
    140.3658536585366,
    133.0487804878049,
    118.41463414634146,
    96.46341463414635,
    115.97560975609755,
    91.58536585365854
  ],
  "p": [
    0.3666538520939653,
    0.2871549312596681,
    0.49693404529759994,
    0.5538010114827899,
    0.517946636637798,
    0.6559015789095148,
    0.6464270146367272,
    0.7043758055283742,
    0.6870017410272352,
    0.7865950159236127,
    0.8551682255815777,
    0.8158789001511559,
    0.8847045408182921,
    0.6683281020918895,
    0.7323523537357723,
    0.763742001016279,
    0.5780395802498788,
    0.5703816717736653,
    0.5803535920848998,
    0.46703568861273376,
    0.29669362278596423,
    0.24795854528944522
  ]
}