{
  "id": "synthetic_q_1592",
  "x": [
    65.24242424242425,
    41.0,
    50.09090909090909,
    68.27272727272728,
    95.54545454545455,
    122.81818181818181,
    128.87878787878788,
    122.81818181818181,
    134.93939393939394,
    141.0,
    116.75757575757575,
    101.60606060606061,
    125.84848484848484,
    110.6969696969697
  ],
  "y": [
    76.72972972972973,
    79.43243243243244,
    57.81081081081081,
    47.0,
    68.62162162162161,
    55.10810810810811,
    71.32432432432432,
    92.94594594594594,
    98.35135135135135,
    125.37837837837837,
    147.0,
    119.97297297297297,
    138.89189189189187,
    122.67567567567568
  ],
  "p": [
    0.27169434201402143,
    0.3478523866670041,
    0.47832078226526525,
    0.6437862424523533,
    0.6440593144038329,
    0.8069931390985987,
    0.7910003360664769,
    0.7821524826352182,
    0.7522782808070071,
    0.762892334396665,
    0.7098075378316311,
    0.497182950464376,
    0.3744086850064092,
    0.37627436389847857
  ]
}