{
  "id": "synthetic_K_2092",
  "x": [
    54.0,
    60.52173913043478,
    82.26086956521739,
    104.0,
    125.73913043478261,
    125.73913043478261,
    127.91304347826087,
    130.08695652173913,
    127.91304347826087,
    112.69565217391305,
    132.26086956521738,
    154.0,
    138.7826086956522,
    130.08695652173913,
    127.91304347826087,
    138.7826086956522,
    123.56521739130434,
    127.91304347826087,
    106.17391304347825,
    110.52173913043478,
    132.26086956521738
  ],
  "y": [
    69.12903225806451,
    88.48387096774194,
    56.225806451612904,
    56.225806451612904,
    53.0,
    75.58064516129032,
    72.35483870967742,
    53.0,
    65.90322580645162,
    75.58064516129032,
    91.70967741935485,
    94.93548387096774,
    117.51612903225806,
    133.64516129032256,
    149.7741935483871,
    123.96774193548387,
    153.0,
    130.4193548387097,
    107.83870967741936,
    120.74193548387096,
    120.74193548387096
  ],
  "p": [
    0.3108664820231284,
    0.4318138857994134,
    0.5171001439298235,
    0.5189572933581076,
    0.6300353612872962,
    0.5864072001203247,
    0.646633136587678,
    0.6692677012154902,
    0.7121031963719318,
    0.7687478094522636,
    0.8321539888001663,
    0.8614730556444836,
    0.7116694331751067,
    0.7036393874170218,
    0.6254774004685433,
    0.5954256640955311,
    0.5700672990908586,
    0.4743325451386766,
    0.42681210400900216,
    0.2996548901212323,
    0.26600330096490477
  ]
}