{
  "id": "synthetic_s_5129",
  "x": [
    96.0,
    111.0,
    120.0,
    131.0,
    145.0,
    149.0,
    150.0,
    142.0,
    141.0,
    127.0,
    120.0,
    103.0,
    94.0,
    81.0,
    67.0,
    59.0,
    52.0,
    52.0,
    51.0,
    54.0,
    60.0,
    73.0,
    87.0,
    101.0
  ],
  "y": [
    95.0,
    109.0,
    120.0,
    122.0,
    119.0,
    109.0,
    86.0,
    74.0,
    62.0,
    63.0,
    70.0,
    86.0,
    101.0,
    116.0,
    125.0,
    124.0,
    115.0,
    97.0,
    80.0,
    65.0,
    60.0,
    65.0,
    75.0,
    90.0
  ],
  "p": [
    0.29865876724090673,
    0.31825132666063344,
    0.5076683406463898,
    0.5600014010326522,
    0.6209823359721555,
    0.6809962452089674,
    0.6403397030390741,
    0.7863842371765706,
    0.7765543969963786,
    0.8428822887632137,
    0.7375552559895404,
    0.7578363160159934,
    0.8265905253879524,
    0.8117004330006239,
    0.7115723857252642,
    0.667564550694977,
    0.7877663543255076,
    0.7280683634929441,
    0.6928373169380201,
    0.5473983551431695,
    0.48297812813420726,
    0.4863481730190059,
    0.3201513995481077,
    0.23601556132281604
  ]
}