{
  "id": "synthetic_s_8584",
  "x": [
    104.0,
    115.0,
    131.0,
    142.0,
    149.0,
    148.0,
    151.0,
    147.0,
    137.0,
    126.0,
    116.0,
    102.0,
    89.0,
    78.0,
    68.0,
    59.0,
    52.0,
    54.0,
    55.0,
    67.0,
    75.0,
    91.0,
    103.0
  ],
  "y": [
    95.0,
    112.0,
    126.0,
    131.0,
    122.0,
    106.0,
    86.0,
    71.0,
    63.0,
    69.0,
    80.0,
    97.0,
    114.0,
    126.0,
    129.0,
    118.0,
    109.0,
    87.0,
    75.0,
    66.0,
    64.0,
    82.0,
    99.0
  ],
  "p": [
    0.2608422193835294,
    0.4537221043096731,
    0.346501255060013,
    0.5005137281563806,
    0.569627728405884,
    0.6881751762842868,
    0.7230888181920658,
    0.6952392127302045,
    0.7605341313871343,
    0.7096840142523674,
    0.8605114640837637,
    0.7546276270794041,
    0.8732508167984868,
    0.705146752125506,
    0.7460033530392038,
    0.7989533352041298,
    0.768903119710583,
    0.5404284709433139,
    0.5974613769514356,
    0.5269468048254703,
    0.3535526852889872,
    0.44060300757390625,
    0.37272390207890144
  ]
}