{
  "id": "synthetic_4_3354",
  "x": [
    144.0952380952381,
    147.66666666666669,
    156.0,
    154.8095238095238,
    145.28571428571428,
    152.42857142857144,
    154.8095238095238,
    154.8095238095238,
    150.04761904761904,
    152.42857142857144,
    144.0952380952381,
    133.38095238095238,
    122.66666666666667,
    117.9047619047619,
    106.0,
    94.0952380952381,
    97.66666666666666,
    97.66666666666666,
    85.76190476190476,
    81.0,
    75.04761904761905,
    78.61904761904762,
    69.0952380952381,
    65.52380952380952,
    56.0
  ],
  "y": [
    47.0,
    47.0,
    59.19512195121951,
    56.75609756097561,
    76.26829268292683,
    66.51219512195122,
    68.95121951219512,
    88.46341463414635,
    88.46341463414635,
    103.09756097560975,
    120.17073170731707,
    127.48780487804878,
    107.97560975609755,
    107.97560975609755,
    86.02439024390245,
    61.63414634146341,
    76.26829268292683,
    98.21951219512195,
    122.60975609756098,
    125.04878048780488,
    112.85365853658537,
    137.2439024390244,
    137.2439024390244,
    147.0,
    144.5609756097561
  ],
  "p": [
    0.3679642591913598,
    0.3023651470720807,
    0.48256777828286895,
    0.4240572219466668,
    0.4930539533964448,
    0.6395838225472796,
    0.7369931952469284,
    0.6144808930818879,
    0.7836404541581645,
    0.8541656182288564,
    0.6986423785667346,
    0.7328593308109017,
    0.7629080970609502,
    0.8554794019216764,
    0.7896944290867035,
    0.7577504964721988,
    0.8283778691727346,
    0.7701928118206106,
    0.7189148287864773,
    0.6763908105024298,
    0.6158652442794906,
    0.4913761550496418,
    0.441982078041485,
    0.3284032741480383,
    0.3607834890965028
  ]
}