{
  "id": "synthetic_d_6048",
  "x": [
    54.0,
    82.125,
    69.625,
    60.25,
    91.5,
    110.25,
    107.125,
    97.75,
    110.25,
    129.0,
    100.875,
    97.75,
    129.0,
    129.0,
    154.0,
    150.875,
    150.875,
    125.875,
    147.75,
    141.5
  ],
  "y": [
    143.0,
    118.75757575757575,
    115.72727272727273,
    94.51515151515152,
    106.63636363636363,
    82.39393939393939,
    67.24242424242425,
    94.51515151515152,
    106.63636363636363,
    115.72727272727273,
    115.72727272727273,
    115.72727272727273,
    112.6969696969697,
    82.39393939393939,
    61.18181818181819,
    55.121212121212125,
    82.39393939393939,
    67.24242424242425,
    43.0,
    46.03030303030303
  ],
  "p": [
    0.2280823388933063,
    0.4197039726561885,
    0.5463137623845109,
    0.5362675981051263,
    0.6196806118206317,
    0.5816122969411194,
    0.7402819513351014,
    0.7559147139525911,
    0.8054652421474029,
    0.8300798567200114,
    0.8014108518558765,
    0.8284745447945754,
    0.6819258546198463,
    0.7473832716410707,
    0.7282485018635675,
    0.527173500195801,
    0.47025185544131337,
    0.42680665367490955,
    0.37174592451867133,
    0.21287832721217922
  ]
}