{
  "id": "synthetic_x_7635",
  "x": [
    109.33333333333334,
    120.44444444444444,
    126.0,
    151.0,
    134.33333333333331,
    112.11111111111111,
    106.55555555555556,
    78.77777777777777,
    92.66666666666666,
    81.55555555555556,
    59.333333333333336,
    53.77777777777778,
    51.0,
    70.44444444444444,
    51.0,
    73.22222222222223,
    95.44444444444444,
    112.11111111111111,
    109.33333333333334,
    117.66666666666667,
    139.88888888888889,
    128.77777777777777,
    117.66666666666667,
    112.11111111111111,
    103.77777777777777
  ],
  "y": [
    66.43396226415095,
    64.54716981132076,
    62.660377358490564,
    58.886792452830186,
    57.0,
    60.77358490566038,
    79.64150943396226,
    66.43396226415095,
    75.86792452830188,
    85.30188679245283,
    85.30188679245283,
    92.84905660377359,
    87.18867924528303,
    94.73584905660377,
    109.83018867924528,
    119.26415094339623,
    132.47169811320754,
    123.0377358490566,
    115.49056603773585,
    98.50943396226415,
    111.71698113207547,
    124.9245283018868,
    138.1320754716981,
    157.0,
    155.1132075471698
  ],
  "p": [
    0.35472355889232526,
    0.30295344858588996,
    0.3550538529874039,
    0.4683045314773683,
    0.6480751210263276,
    0.5429953897456314,
    0.5659673978440053,
    0.6790777955480884,
    0.8017376451068196,
    0.6998776404920117,
    0.8201473500644929,
    0.8791900661809509,
    0.8278302788795342,
    0.8341035889857845,
    0.7437232716617657,
    0.7112896753493143,
    0.8151672494427386,
    0.6298037588198513,
    0.6329847934802034,
    0.5093145317482037,
    0.5139453466673789,
    0.4625208175797901,
    0.5243262013482533,
    0.4580874963522419,
    0.22713067035306078
  ]
}