{
  "id": "synthetic_1_6965",
  "x": [
    90.0,
    90.0,
    94.0,
    87.0,
    96.0,
    90.0,
    87.0,
    89.0,
    87.0,
    90.0
  ],
  "y": [
    63.0,
    73.0,
    78.0,
    88.0,
    103.0,
    109.0,
    123.0,
    130.0,
    142.0,
    148.0
  ],
  "p": [
    0.260472048080276,
    0.5605651239674619,
    0.5810653222973657,
    0.7709239983817852,
    0.8700907982381574,
    0.8889962119355777,
    0.7808385177987796,
    0.6132392813360343,
    0.5677024486283951,
    0.28754282586929475
  ]
}