{
  "id": "synthetic_i_6689",
  "x": [
    96.0,
    91.0,
    91.0,
    90.0,
    93.0,
    92.0,
    99.0,
    97.0,
    94.0,
    100.0,
    99.0,
    98.0
  ],
  "y": [
    46.0,
    54.0,
    60.0,
    75.0,
    78.0,
    86.0,
    98.0,
    108.0,
    113.0,
    124.0,
    128.0,
    141.0
  ],
  "p": [
    0.3268009584340309,
    0.36179025413467325,
    0.5008598052134383,
    0.7765004871883232,
    0.7283734475021573,
    0.7372613977750313,
    0.7793068006143703,
    0.7124064191435954,
    0.6525776053622703,
    0.5724421518804469,
    0.45649967937194724,
    0.29299861634922103
  ]
}