{
  "id": "synthetic_k_6574",
  "x": [
    116.82978723404256,
    114.70212765957447,
    108.31914893617022,
    106.19148936170212,
    93.42553191489361,
    95.5531914893617,
    106.19148936170212,
    101.93617021276596,
    110.4468085106383,
    89.17021276595744,
    108.31914893617022,
    129.59574468085106,
    123.2127659574468,
    133.85106382978722,
    129.59574468085106,
    140.2340425531915,
    150.87234042553192,
    153.0,
    131.72340425531917,
    121.08510638297872,
    104.06382978723404,
    101.93617021276596,
    84.91489361702128,
    82.7872340425532,
    72.14893617021276,
    55.12765957446808,
    59.38297872340426,
    53.0
  ],
  "y": [
    51.0,
    71.40816326530611,
    87.73469387755102,
    71.40816326530611,
    91.81632653061224,
    91.81632653061224,
    110.18367346938776,
    95.89795918367346,
    87.73469387755102,
    97.93877551020408,
    112.22448979591837,
    120.38775510204081,
    126.51020408163265,
    122.42857142857143,
    106.10204081632654,
    89.77551020408163,
    97.93877551020408,
    87.73469387755102,
    108.14285714285714,
    112.22448979591837,
    128.55102040816325,
    112.22448979591837,
    130.59183673469386,
    116.3061224489796,
    130.59183673469386,
    151.0,
    136.71428571428572,
    136.71428571428572
  ],
  "p": [
    0.3754118017519136,
    0.3149385296367483,
    0.49481183447632837,
    0.47899600610741716,
    0.5138592292916898,
    0.509149156322877,
    0.5374347843820868,
    0.6754544527776322,
    0.7326339059493939,
    0.8131741001541595,
    0.7179886980958774,
    0.857372204886984,
    0.8666425181613312,
    0.8070040060187585,
    0.7144314078255805,
    0.7322394239040325,
    0.8567470497665283,
    0.7541614133240842,
    0.736455021707783,
    0.7905755164896159,
    0.7364164605793908,
    0.5628470034818845,
    0.47807539932966053,
    0.4539743114465032,
    0.39735592241033424,
    0.4512849294783775,
    0.31167889605012017,
    0.3654092479279419
  ]
}