{
  "id": "synthetic_h_8087",
  "x": [
    126.42857142857143,
    93.0952380952381,
    126.42857142857143,
    107.38095238095238,
    135.95238095238096,
    155.0,
    150.23809523809524,
    126.42857142857143,
    155.0,
    107.38095238095238,
    102.61904761904762,
    69.28571428571429,
    55.0,
    83.57142857142857,
    59.76190476190476,
    88.33333333333334,
    97.85714285714286,
    126.42857142857143,
    116.9047619047619,
    74.04761904761905
  ],
  "y": [
    111.34782608695653,
    128.73913043478262,
    137.43478260869566,
    115.69565217391305,
    96.13043478260869,
    98.30434782608695,
    93.95652173913044,
    78.73913043478261,
    76.56521739130434,
    93.95652173913044,
    78.73913043478261,
    57.0,
    67.86956521739131,
    67.86956521739131,
    89.6086956521739,
    100.47826086956522,
    113.52173913043478,
    135.26086956521738,
    141.7826086956522,
    157.0
  ],
  "p": [
    0.3819923310476845,
    0.3374679416927181,
    0.5183607154412966,
    0.48044944678395785,
    0.5393884283168399,
    0.5834604289007653,
    0.6618195946880258,
    0.7129864635293828,
    0.7487734194834188,
    0.8350458680325388,
    0.8348383948430453,
    0.7062906908038957,
    0.8147898904084512,
    0.6986117421312895,
    0.6859140444983826,
    0.5900706118135924,
    0.50755577519676,
    0.3666879195429354,
    0.3123409997626471,
    0.30815312919528415
  ]
}