{
  "id": "synthetic_R_3248",
  "x": [
    76.0,
    74.0,
    90.0,
    70.0,
    70.0,
    78.0,
    88.0,
    72.0,
    90.0,
    80.0,
    100.0,
    94.0,
    76.0,
    78.0,
    70.0,
    68.0,
    74.0,
    60.0,
    72.0,
    74.0,
    70.0,
    86.0,
    106.0,
    90.0,
    106.0,
    126.0,
    144.0,
    152.0,
    160.0,
    146.0
  ],
  "y": [
    123.78947368421052,
    102.73684210526315,
    108.0,
    110.63157894736841,
    118.52631578947368,
    97.47368421052632,
    71.15789473684211,
    84.3157894736842,
    58.0,
    65.89473684210526,
    79.05263157894737,
    92.21052631578948,
    110.63157894736841,
    115.89473684210526,
    113.26315789473685,
    136.94736842105263,
    131.68421052631578,
    131.68421052631578,
    134.31578947368422,
    158.0,
    144.8421052631579,
    136.94736842105263,
    118.52631578947368,
    105.36842105263159,
    126.42105263157895,
    126.42105263157895,
    100.10526315789474,
    118.52631578947368,
    123.78947368421052,
    126.42105263157895
  ],
  "p": [
    0.38719050211204314,
    0.36067990390803206,
    0.48555085363357275,
    0.4639389468783396,
    0.5366612692272541,
    0.4991448114890176,
    0.531071997022926,
    0.6751925702968573,
    0.6759335489521807,
    0.7847845250001357,
    0.6705107908139597,
    0.7842315806639998,
    0.8606378440365594,
    0.7246588472369008,
    0.7959169153471943,
    0.7083801042466337,
    0.803840788968278,
    0.8728924900788824,
    0.667413686687623,
    0.6893258339611811,
    0.6732091087125734,
    0.6515325974840381,
    0.6622557965018357,
    0.6214759512664559,
    0.6342498753793843,
    0.46427064903158843,
    0.5073076494427818,
    0.4611542251105495,
    0.36775212855155415,
    0.24463328259546135
  ]
}