{
  "id": "synthetic_x_4859",
  "x": [
    140.0,
    127.8048780487805,
    118.04878048780488,
    110.73170731707317,
    93.65853658536585,
    76.58536585365854,
    91.21951219512195,
    98.53658536585365,
    79.02439024390245,
    57.07317073170732,
    64.39024390243902,
    40.0,
    57.07317073170732
  ],
  "y": [
    144.11111111111111,
    127.44444444444444,
    138.55555555555554,
    158.0,
    146.88888888888889,
    130.22222222222223,
    116.33333333333334,
    108.0,
    83.0,
    91.33333333333334,
    85.77777777777777,
    58.0,
    60.77777777777778
  ],
  "p": [
    0.2851630717494327,
    0.44389562130233695,
    0.628541327978059,
    0.5939576197115366,
    0.8008708169247049,
    0.7505166676365426,
    0.8223740841198448,
    0.7155119082826771,
    0.7204032899931719,
    0.6329041215752487,
    0.4802170371272723,
    0.40850819319495535,
    0.3786855700675673
  ]
}