{
  "id": "synthetic_0_4856",
  "x": [
    144.0,
    140.0,
    130.0,
    115.0,
    99.0,
    83.0,
    70.0,
    63.0,
    68.0,
    82.0,
    98.0,
    115.0,
    131.0,
    141.0,
    144.0
  ],
  "y": [
    111.0,
    126.0,
    142.0,
    146.0,
    149.0,
    143.0,
    128.0,
    112.0,
    95.0,
    81.0,
    72.0,
    70.0,
    80.0,
    92.0,
    110.0
  ],
  "p": [
    0.23094396845943793,
    0.3295950461987156,
    0.4368786142626196,
    0.7108495417835365,
    0.6261402857348615,
    0.8151652993117151,
    0.6975378426999224,
    0.7296785023547504,
    0.7788147775744292,
    0.7363884427502309,
    0.7187139506442588,
    0.5181723862687309,
    0.4258300404280237,
    0.47833608476874323,
    0.30474278345970374
  ]
}