{
  "id": "synthetic_8_4459",
  "x": [
    131.0909090909091,
    147.0,
    135.63636363636363,
    122.0,
    99.27272727272728,
    87.9090909090909,
    87.9090909090909,
    99.27272727272728,
    101.54545454545455,
    83.36363636363637,
    92.45454545454545,
    74.27272727272728,
    69.72727272727272,
    65.18181818181819,
    60.63636363636364,
    60.63636363636364,
    47.0,
    58.36363636363636,
    62.90909090909091,
    83.36363636363637
  ],
  "y": [
    60.666666666666664,
    74.0,
    54.0,
    54.0,
    67.33333333333333,
    94.0,
    107.33333333333334,
    100.66666666666666,
    134.0,
    124.0,
    90.66666666666666,
    70.66666666666667,
    97.33333333333334,
    114.0,
    84.0,
    100.66666666666666,
    107.33333333333334,
    120.66666666666667,
    127.33333333333333,
    154.0
  ],
  "p": [
    0.366673894714689,
    0.4541523141236222,
    0.49189472929303946,
    0.5553931227394019,
    0.5261573706251726,
    0.6183238743005618,
    0.7375246520701031,
    0.8334617083703446,
    0.7576348397396216,
    0.8680688773984963,
    0.7016671164120595,
    0.7214013605069327,
    0.7765684062446637,
    0.6394116355148711,
    0.7301656311459622,
    0.5333566400471828,
    0.4766147849904429,
    0.5479536728860122,
    0.45578862804727927,
    0.3829048882165371
  ]
}