{
  "id": "synthetic_Z_9829",
  "x": [
    124.47058823529412,
    89.1764705882353,
    48.0,
    77.41176470588235,
    136.23529411764707,
    95.05882352941177,
    118.58823529411765,
    148.0,
    112.70588235294117,
    106.8235294117647
  ],
  "y": [
    127.0,
    107.0,
    83.0,
    115.0,
    147.0,
    107.0,
    103.0,
    119.0,
    87.0,
    47.0
  ],
  "p": [
    0.24543880961332712,
    0.5520351265643951,
    0.6677610345697262,
    0.7418322169174942,
    0.7055921484910458,
    0.7608632446850797,
    0.7829983304226641,
    0.5635165126634867,
    0.539343589427411,
    0.3902179585629789
  ]
}