{
  "id": "synthetic_H_6700",
  "x": [
    73.42857142857143,
    73.42857142857143,
    52.0,
    59.142857142857146,
    66.28571428571429,
    78.19047619047619,
    94.85714285714286,
    118.66666666666667,
    132.95238095238096,
    152.0,
    135.33333333333331,
    132.95238095238096,
    149.61904761904762,
    142.47619047619048,
    137.71428571428572,
    142.47619047619048,
    149.61904761904762,
    128.1904761904762,
    113.9047619047619,
    104.38095238095238,
    121.04761904761905,
    118.66666666666667
  ],
  "y": [
    158.0,
    137.31034482758622,
    147.6551724137931,
    126.96551724137932,
    137.31034482758622,
    123.51724137931035,
    95.93103448275862,
    92.48275862068965,
    99.37931034482759,
    64.89655172413794,
    75.24137931034483,
    78.6896551724138,
    68.34482758620689,
    61.44827586206897,
    85.58620689655172,
    85.58620689655172,
    58.0,
    92.48275862068965,
    95.93103448275862,
    123.51724137931035,
    95.93103448275862,
    82.13793103448276
  ],
  "p": [
    0.36540183016045535,
    0.4036160691523749,
    0.5184887527978506,
    0.5123487556416729,
    0.6654288957123395,
    0.6135247962285078,
    0.6176139709886462,
    0.7050129716342597,
    0.7537527459157554,
    0.7647421130597919,
    0.7478980113764363,
    0.7241764153673961,
    0.8848758322234436,
    0.7907940828146095,
    0.7057804870827796,
    0.6346530344930765,
    0.7183230973455854,
    0.49394289196251173,
    0.5990057310934328,
    0.5231200094851456,
    0.3651110028832356,
    0.28864200151859803
  ]
}