{
  "id": "synthetic_e_2680",
  "x": [
    149.0,
    132.8709677419355,
    145.7741935483871,
    123.19354838709677,
    116.74193548387096,
    123.19354838709677,
    90.93548387096774,
    107.06451612903226,
    81.25806451612902,
    55.45161290322581,
    71.58064516129032,
    52.225806451612904,
    49.0,
    68.35483870967742,
    74.80645161290323
  ],
  "y": [
    134.71428571428572,
    149.0,
    129.95238095238096,
    108.52380952380952,
    87.0952380952381,
    65.66666666666667,
    49.0,
    63.285714285714285,
    72.80952380952381,
    96.61904761904762,
    94.23809523809524,
    118.04761904761905,
    115.66666666666667,
    91.85714285714286,
    72.80952380952381
  ],
  "p": [
    0.23332915498917844,
    0.4746281659046835,
    0.4774654445763103,
    0.5925449261341326,
    0.6911415925899725,
    0.7568141943270147,
    0.8412902365626391,
    0.7467471584071296,
    0.8193786824862918,
    0.7629685673425229,
    0.716116073549714,
    0.5360448699938387,
    0.5489226785363803,
    0.4848267009031355,
    0.3305831244481322
  ]
}