{
  "id": "synthetic_J_2074",
  "x": [
    158.0,
    140.4561403508772,
    131.68421052631578,
    124.66666666666667,
    110.63157894736841,
    94.84210526315789,
    77.2982456140351,
    82.56140350877193,
    79.05263157894737,
    75.54385964912281,
    75.54385964912281,
    58.0,
    66.7719298245614,
    66.7719298245614,
    70.28070175438597,
    75.54385964912281,
    59.75438596491228
  ],
  "y": [
    103.34146341463415,
    88.70731707317073,
    108.21951219512195,
    127.73170731707317,
    142.3658536585366,
    157.0,
    142.3658536585366,
    135.0487804878049,
    120.41463414634146,
    100.90243902439025,
    76.51219512195122,
    78.95121951219512,
    57.0,
    59.4390243902439,
    74.07317073170732,
    93.58536585365854,
    76.51219512195122
  ],
  "p": [
    0.2869644836438652,
    0.4742422647276925,
    0.5456883826290277,
    0.5817196557508465,
    0.7262905469893146,
    0.7353619852627592,
    0.7637030074454578,
    0.8856936820022915,
    0.8875669617052144,
    0.7228693396928402,
    0.7130598169902822,
    0.6884880977828398,
    0.6322180439312399,
    0.49409149224853993,
    0.46908453266302974,
    0.40464954545398846,
    0.23478345312562304
  ]
}