{
  "id": "synthetic_u_2354",
  "x": [
    147.88888888888889,
    150.66666666666669,
    153.44444444444446,
    134.0,
    136.77777777777777,
    109.0,
    106.22222222222223,
    92.33333333333334,
    78.44444444444444,
    59.0,
    78.44444444444444,
    78.44444444444444,
    106.22222222222223,
    134.0,
    159.0,
    134.0
  ],
  "y": [
    58.166666666666664,
    83.16666666666667,
    116.5,
    116.5,
    154.0,
    141.5,
    108.16666666666666,
    99.83333333333334,
    91.5,
    124.83333333333333,
    95.66666666666666,
    70.66666666666667,
    79.0,
    83.16666666666667,
    91.5,
    54.0
  ],
  "p": [
    0.23545428626689152,
    0.4969712676042147,
    0.491230626269362,
    0.6071679757885051,
    0.591295914137079,
    0.8116266861979798,
    0.7465179208106228,
    0.7185871533745947,
    0.8665184064595042,
    0.7198809237355464,
    0.7970214059254458,
    0.597776347312174,
    0.6890734226640398,
    0.4162414027566176,
    0.3404851310408054,
    0.28423327660716824
  ]
}