{
  "id": "synthetic_5_3893",
  "x": [
    83.36363636363637,
    106.0909090909091,
    74.27272727272728,
    78.81818181818181,
    83.36363636363637,
    47.0,
    78.81818181818181,
    87.9090909090909,
    133.36363636363637,
    147.0,
    142.45454545454544,
    128.8181818181818,
    124.27272727272727,
    110.63636363636363,
    106.0909090909091,
    87.9090909090909,
    110.63636363636363
  ],
  "y": [
    61.06060606060606,
    55.0,
    70.15151515151516,
    73.18181818181819,
    88.33333333333334,
    73.18181818181819,
    91.36363636363637,
    97.42424242424242,
    106.51515151515152,
    112.57575757575758,
    136.8181818181818,
    155.0,
    142.87878787878788,
    115.60606060606061,
    85.30303030303031,
    82.27272727272728,
    112.57575757575758
  ],
  "p": [
    0.3190307561589264,
    0.345758637829941,
    0.42539927174489917,
    0.5476708133549107,
    0.5641324457975712,
    0.6385041831423274,
    0.6794437483016932,
    0.8598084978775071,
    0.7698487659388126,
    0.83805047037343,
    0.7147129276383958,
    0.6373782106147934,
    0.5549120596817864,
    0.5315220611808547,
    0.4039845033418756,
    0.47586070228819854,
    0.24633716666494127
  ]
}