{
  "id": "synthetic_M_9936",
  "x": [
    42.0,
    67.0,
    66.0,
    94.0,
    91.0,
    120.0,
    120.0,
    143.0
  ],
  "y": [
    145.0,
    95.0,
    42.0,
    94.0,
    142.0,
    95.0,
    45.0,
    94.0
  ],
  "p": [
    0.31867545015700377,
    0.437666904531086,
    0.7669583118572043,
    0.7471809689058392,
    0.6890755573692599,
    0.6860887183948067,
    0.5707278282898498,
    0.2125428789836304
  ]
}