{
  "id": "synthetic_D_2586",
  "x": [
    147.55172413793105,
    151.0,
    123.41379310344827,
    106.17241379310344,
    85.48275862068965,
    64.79310344827586,
    92.37931034482759,
    82.0344827586207,
    95.82758620689656,
    99.27586206896552,
    95.82758620689656,
    78.58620689655172,
    68.24137931034483,
    51.0
  ],
  "y": [
    59.5,
    59.5,
    147.0,
    84.5,
    97.0,
    47.0,
    134.5,
    109.5,
    47.0,
    59.5,
    97.0,
    59.5,
    147.0,
    84.5
  ],
  "p": [
    0.31968489817823753,
    0.35289741810986347,
    0.5630534921439698,
    0.6548925897599507,
    0.7053544766741265,
    0.8226028863195864,
    0.8457107134764442,
    0.7669949080195164,
    0.6883204284863222,
    0.6666625633828684,
    0.57005734167635,
    0.6089477753416553,
    0.48813043851432547,
    0.25807606551137663
  ]
}