{
  "id": "synthetic_K_3896",
  "x": [
    83.58620689655172,
    73.24137931034483,
    56.0,
    73.24137931034483,
    76.6896551724138,
    111.17241379310344,
    118.06896551724138,
    87.0344827586207,
    121.51724137931035,
    118.06896551724138,
    107.72413793103448,
    90.48275862068965,
    121.51724137931035,
    156.0,
    135.31034482758622,
    121.51724137931035,
    114.62068965517241,
    128.41379310344826
  ],
  "y": [
    51.0,
    69.0,
    69.0,
    89.0,
    79.0,
    83.0,
    71.0,
    57.0,
    71.0,
    87.0,
    87.0,
    97.0,
    109.0,
    119.0,
    135.0,
    139.0,
    151.0,
    143.0
  ],
  "p": [
    0.21385611768451313,
    0.4765803783184793,
    0.39660773161077606,
    0.6391794045929523,
    0.7081086792569786,
    0.60762046720838,
    0.6749084294568468,
    0.8242895743922811,
    0.7967556422405562,
    0.892604359813524,
    0.7657162356200224,
    0.665437851290417,
    0.7660300236299715,
    0.6992436914870072,
    0.5641665558095152,
    0.4332209344916591,
    0.3390515561837977,
    0.3227416106837319
  ]
}