{
  "id": "synthetic_r_6018",
  "x": [
    42.0,
    46.6875,
    62.3125,
    77.9375,
    79.5,
    92.0,
    104.5,
    106.0625,
    107.625,
    112.3125,
    99.8125,
    90.4375,
    87.3125,
    95.125,
    79.5,
    84.1875,
    99.8125,
    112.3125,
    98.25,
    104.5,
    102.9375,
    93.5625,
    96.6875,
    85.75,
    96.6875,
    109.1875,
    118.5625,
    134.1875,
    142.0,
    138.875
  ],
  "y": [
    118.72727272727273,
    146.0,
    142.96969696969697,
    130.84848484848484,
    112.66666666666667,
    115.6969696969697,
    91.45454545454545,
    79.33333333333334,
    106.60606060606061,
    85.39393939393939,
    73.27272727272728,
    46.0,
    67.21212121212122,
    88.42424242424242,
    106.60606060606061,
    97.51515151515152,
    85.39393939393939,
    73.27272727272728,
    85.39393939393939,
    109.63636363636363,
    91.45454545454545,
    115.6969696969697,
    127.81818181818181,
    121.75757575757575,
    109.63636363636363,
    115.6969696969697,
    109.63636363636363,
    91.45454545454545,
    94.48484848484848,
    94.48484848484848
  ],
  "p": [
    0.32238326051860156,
    0.30101402215813255,
    0.32591726049387215,
    0.5275603003554403,
    0.4997244203628056,
    0.5444740952329004,
    0.5124698354455361,
    0.6987553089731554,
    0.7592903787237812,
    0.6425001387159713,
    0.6651787354531278,
    0.758805982960073,
    0.6993781462389755,
    0.7690199519361642,
    0.8181848167868376,
    0.8871473338691223,
    0.873299501817213,
    0.7532343578506188,
    0.8155912923019987,
    0.7840724110603612,
    0.6617889579487293,
    0.7781521909450784,
    0.7391031099318253,
    0.5621681168167227,
    0.5985768751261183,
    0.5949664838302651,
    0.4694284278718975,
    0.3557166330755723,
    0.4267050715287034,
    0.3128284530825774
  ]
}