{
  "id": "synthetic_e_6514",
  "x": [
    83.78260869565217,
    105.52173913043478,
    70.73913043478261,
    49.0,
    66.3913043478261,
    92.47826086956522,
    127.26086956521739,
    149.0,
    109.86956521739131,
    114.21739130434783
  ],
  "y": [
    61.75,
    124.25,
    105.5,
    99.25,
    43.0,
    105.5,
    136.75,
    124.25,
    111.75,
    143.0
  ],
  "p": [
    0.304720249736104,
    0.5179957822464087,
    0.6054416875626143,
    0.6554243930336752,
    0.8603745225121491,
    0.7193876969165091,
    0.8205528424693618,
    0.6181830820181592,
    0.4688214842906293,
    0.2015991461935761
  ]
}