{
  "id": "synthetic_x_2967",
  "x": [
    54.0,
    77.33333333333333,
    90.66666666666666,
    64.0,
    97.33333333333334,
    124.0,
    117.33333333333334,
    140.66666666666669,
    127.33333333333333,
    150.66666666666669,
    124.0,
    154.0,
    120.66666666666667,
    94.0
  ],
  "y": [
    133.86206896551724,
    158.0,
    137.31034482758622,
    133.86206896551724,
    113.17241379310344,
    126.96551724137932,
    102.82758620689656,
    89.0344827586207,
    58.0,
    68.34482758620689,
    82.13793103448276,
    71.79310344827586,
    92.48275862068965,
    99.37931034482759
  ],
  "p": [
    0.23765996632898923,
    0.34046672044317317,
    0.4365196531667047,
    0.606934890068085,
    0.6121410252972183,
    0.7950998504761376,
    0.8687088470651032,
    0.761671546307805,
    0.7128222911575868,
    0.7055671646759515,
    0.6967240849460796,
    0.5431631189650369,
    0.49441635229760683,
    0.24177443704959006
  ]
}