{
  "id": "synthetic_M_9565",
  "x": [
    44.0,
    48.166666666666664,
    54.33333333333333,
    56.5,
    60.666666666666664,
    64.83333333333333,
    67.0,
    67.0,
    75.16666666666667,
    76.33333333333333,
    82.5,
    85.66666666666666,
    89.83333333333333,
    95.0,
    93.0,
    98.16666666666667,
    104.33333333333333,
    105.5,
    111.66666666666666,
    115.83333333333333,
    120.0,
    118.0,
    122.16666666666667,
    125.33333333333333,
    132.5,
    137.66666666666666,
    138.83333333333334,
    142.0
  ],
  "y": [
    160.0,
    149.66666666666666,
    143.33333333333334,
    135.0,
    123.66666666666667,
    116.33333333333334,
    110.0,
    61.0,
    65.33333333333333,
    73.66666666666666,
    83.0,
    90.33333333333333,
    98.66666666666666,
    107.0,
    157.0,
    152.66666666666666,
    140.33333333333334,
    133.0,
    124.66666666666667,
    115.33333333333334,
    107.0,
    58.0,
    68.33333333333333,
    76.66666666666666,
    85.0,
    91.33333333333333,
    99.66666666666666,
    107.0
  ],
  "p": [
    0.21400341765862946,
    0.36946167246687867,
    0.4280383440297675,
    0.4352298458590224,
    0.6032395383281095,
    0.5245301816983404,
    0.6413110280454402,
    0.6008521263641335,
    0.7623911095302381,
    0.6663332118973002,
    0.8019159742113398,
    0.8179401072670924,
    0.8874003966139099,
    0.8311406079059226,
    0.743924269258167,
    0.7698407788919592,
    0.6812525802959539,
    0.7649206092761229,
    0.7091931651760895,
    0.6567673516758314,
    0.6317135441298274,
    0.5417670827146197,
    0.5525331432707326,
    0.5293031602314081,
    0.5638278073061946,
    0.38352580457692664,
    0.27804613970330005,
    0.20014739755263944
  ]
}