{
  "id": "synthetic_9_8255",
  "x": [
    93.65853658536585,
    88.78048780487805,
    76.58536585365854,
    88.78048780487805,
    64.39024390243902,
    40.0,
    61.951219512195124,
    66.82926829268293,
    71.70731707317073,
    91.21951219512195,
    115.60975609756098,
    140.0,
    122.92682926829268,
    120.48780487804878,
    118.04878048780488,
    98.53658536585365,
    93.65853658536585,
    96.09756097560975,
    98.53658536585365,
    110.73170731707317,
    118.04878048780488,
    137.5609756097561,
    137.5609756097561,
    135.1219512195122,
    113.17073170731707,
    135.1219512195122,
    130.2439024390244,
    120.48780487804878
  ],
  "y": [
    130.0,
    134.0,
    138.0,
    118.0,
    90.0,
    114.0,
    94.0,
    90.0,
    58.0,
    46.0,
    54.0,
    42.0,
    66.0,
    102.0,
    102.0,
    78.0,
    118.0,
    110.0,
    74.0,
    82.0,
    78.0,
    74.0,
    86.0,
    74.0,
    110.0,
    142.0,
    106.0,
    126.0
  ],
  "p": [
    0.2843292249581625,
    0.3344915027071692,
    0.40894184398708844,
    0.5476284242187307,
    0.5806264422219837,
    0.5276075756893518,
    0.5425105858855932,
    0.6403444777880194,
    0.6314046195163191,
    0.7217584346005691,
    0.7260750049943867,
    0.7049667182172114,
    0.8871244202797497,
    0.827530207470557,
    0.8300536561992929,
    0.8202670778285694,
    0.7973486724317282,
    0.8552324045061663,
    0.6767462787087244,
    0.7078792495184958,
    0.5748262367852249,
    0.5581456856097895,
    0.5809058109992008,
    0.5838110357347207,
    0.5375265485649844,
    0.47590120673517466,
    0.30087301624520935,
    0.2972484434158263
  ]
}