{
  "id": "synthetic_v_7776",
  "x": [
    58.0,
    66.33333333333333,
    71.66666666666666,
    81.0,
    86.33333333333333,
    98.66666666666666,
    108.0,
    109.0,
    116.33333333333333,
    119.66666666666666,
    129.0,
    137.33333333333331,
    146.66666666666666,
    155.0
  ],
  "y": [
    44.0,
    62.666666666666664,
    81.33333333333333,
    94.0,
    110.66666666666666,
    130.33333333333331,
    142.0,
    144.0,
    130.33333333333334,
    108.66666666666667,
    94.0,
    81.33333333333334,
    60.66666666666667,
    48.0
  ],
  "p": [
    0.20357787448047296,
    0.427687187724322,
    0.6239258842044357,
    0.5824891183924579,
    0.6831385044014506,
    0.672484791786965,
    0.794141058904371,
    0.8462419294912897,
    0.7360261329205924,
    0.7607171498095437,
    0.5876926143902138,
    0.5352249273048838,
    0.47400739546104353,
    0.268566859271969
  ]
}