{
  "id": "synthetic_T_7257",
  "x": [
    89.81818181818181,
    74.66666666666667,
    68.60606060606061,
    58.0,
    73.15151515151516,
    85.27272727272728,
    79.21212121212122,
    92.84848484848484,
    108.0,
    123.15151515151516,
    132.24242424242425,
    127.6969696969697,
    120.12121212121212,
    111.03030303030303,
    111.03030303030303,
    114.06060606060606,
    120.12121212121212,
    132.24242424242425,
    141.33333333333331,
    133.75757575757575,
    127.6969696969697,
    136.78787878787878,
    142.84848484848484,
    144.36363636363637,
    148.9090909090909,
    154.96969696969697,
    150.42424242424244,
    158.0
  ],
  "y": [
    128.05263157894737,
    154.36842105263156,
    146.4736842105263,
    157.0,
    151.73684210526318,
    143.8421052631579,
    120.15789473684211,
    125.42105263157895,
    120.15789473684211,
    114.89473684210526,
    109.63157894736841,
    83.3157894736842,
    78.05263157894737,
    85.94736842105263,
    72.78947368421052,
    57.0,
    57.0,
    80.6842105263158,
    104.36842105263159,
    114.89473684210526,
    125.42105263157895,
    101.73684210526315,
    91.21052631578948,
    107.0,
    85.94736842105263,
    99.10526315789474,
    104.36842105263159,
    101.73684210526315
  ],
  "p": [
    0.24813401586074793,
    0.4367389646537892,
    0.31685349390016193,
    0.4304349626716918,
    0.5849978260335116,
    0.5884465414713957,
    0.5725874831641938,
    0.6990365106587958,
    0.6404881119763456,
    0.7041259236567805,
    0.6882143483126998,
    0.8533589755509954,
    0.722259689779324,
    0.8919972264080248,
    0.8411701016555655,
    0.7368660657149116,
    0.8297955296435638,
    0.6903294463733044,
    0.7017350192742434,
    0.6344752918336667,
    0.664176512114279,
    0.6114209443395521,
    0.5036179838974912,
    0.5456985662603415,
    0.390456000646945,
    0.41793895465721353,
    0.4329906895407719,
    0.31210100192213264
  ]
}