{
  "id": "synthetic_W_9766",
  "x": [
    56.0,
    74.66666666666667,
    93.33333333333334,
    89.33333333333334,
    106.00000000000001,
    124.66666666666669,
    126.66666666666667,
    137.33333333333334,
    159.0
  ],
  "y": [
    61.0,
    106.0,
    160.0,
    157.0,
    109.0,
    58.0,
    59.0,
    109.0,
    157.0
  ],
  "p": [
    0.23959812021536153,
    0.5873046589921214,
    0.6003394562913453,
    0.8373995551263503,
    0.8637194283848828,
    0.8003617604430151,
    0.6834245544354804,
    0.56493423917402,
    0.32665695050693505
  ]
}