{
  "id": "synthetic_Y_2573",
  "x": [
    148.30434782608694,
    157.0,
    122.21739130434783,
    130.91304347826087,
    130.91304347826087,
    130.91304347826087,
    91.78260869565217,
    57.0,
    83.08695652173913,
    113.52173913043478,
    143.95652173913044,
    104.82608695652175,
    126.56521739130434,
    113.52173913043478,
    91.78260869565217
  ],
  "y": [
    55.0,
    72.94871794871796,
    93.46153846153845,
    113.97435897435898,
    111.41025641025641,
    137.05128205128204,
    155.0,
    131.9230769230769,
    111.41025641025641,
    129.35897435897436,
    142.17948717948718,
    124.23076923076923,
    142.17948717948718,
    124.23076923076923,
    108.84615384615384
  ],
  "p": [
    0.2621744337109063,
    0.34720176819206916,
    0.5677642397548218,
    0.5417178759722204,
    0.6177527965837132,
    0.7406978231464119,
    0.7080208909551574,
    0.861205764439355,
    0.8217295051667595,
    0.7426147279541269,
    0.7427229691820549,
    0.6746369946805593,
    0.5482848433036958,
    0.4662578484789046,
    0.35949203455124157
  ]
}