{
  "id": "synthetic_A_5079",
  "x": [
    65.33333333333333,
    76.44444444444444,
    57.0,
    59.77777777777778,
    59.77777777777778,
    82.0,
    104.22222222222223,
    95.88888888888889,
    104.22222222222223,
    98.66666666666666,
    93.11111111111111,
    70.88888888888889,
    93.11111111111111,
    101.44444444444444,
    123.66666666666667,
    107.0,
    123.66666666666667,
    143.11111111111111,
    129.22222222222223,
    157.0,
    148.66666666666669,
    126.44444444444444,
    120.88888888888889,
    123.66666666666667,
    137.55555555555554
  ],
  "y": [
    103.29032258064515,
    109.74193548387096,
    80.70967741935485,
    83.93548387096774,
    106.51612903225806,
    119.41935483870968,
    96.83870967741936,
    116.19354838709677,
    142.0,
    132.32258064516128,
    116.19354838709677,
    103.29032258064515,
    100.06451612903226,
    106.51612903225806,
    93.61290322580645,
    112.96774193548387,
    116.19354838709677,
    109.74193548387096,
    83.93548387096774,
    74.25806451612902,
    42.0,
    71.03225806451613,
    80.70967741935485,
    93.61290322580645,
    103.29032258064515
  ],
  "p": [
    0.37501099741755195,
    0.271935559123524,
    0.48072529427642174,
    0.5593566307318496,
    0.46449838557901985,
    0.6769245642841787,
    0.6291452486050849,
    0.7474390219025888,
    0.6852633028793129,
    0.8329856158828395,
    0.8804297078086353,
    0.8520004666812748,
    0.7713884100274696,
    0.7019570614717159,
    0.7501457866290555,
    0.7856412667520938,
    0.8002970237927702,
    0.791589595789331,
    0.5705393675209676,
    0.6866377906334933,
    0.5803927096116717,
    0.5263230244113404,
    0.45294210834678206,
    0.33464371668333387,
    0.22891976125952518
  ]
}