{
  "id": "synthetic_l_4716",
  "x": [
    108.0,
    105.0,
    106.0,
    107.0,
    108.0,
    110.0,
    110.0,
    106.0,
    112.0,
    106.0,
    105.0,
    113.0,
    110.0,
    108.0,
    109.0,
    106.0,
    111.0
  ],
  "y": [
    60.0,
    66.0,
    67.0,
    77.0,
    82.0,
    84.0,
    90.0,
    102.0,
    106.0,
    107.0,
    115.0,
    119.0,
    127.0,
    132.0,
    141.0,
    145.0,
    154.0
  ],
  "p": [
    0.3287089980339606,
    0.4766058831853042,
    0.43719629649458547,
    0.6543398880574335,
    0.5855257924098209,
    0.6346272363883338,
    0.8103258194288815,
    0.7233574676351583,
    0.8633995148119646,
    0.8739138730669938,
    0.6833372076763868,
    0.8076273012272708,
    0.5687099861882694,
    0.6070395186291551,
    0.5097863255164311,
    0.4437611634748798,
    0.22477464517897172
  ]
}