{
  "id": "synthetic_4_4666",
  "x": [
    145.0,
    133.67924528301887,
    114.81132075471699,
    101.60377358490567,
    82.73584905660377,
    69.52830188679245,
    75.18867924528303,
    61.9811320754717,
    56.32075471698113,
    58.20754716981132,
    45.0,
    56.32075471698113,
    73.30188679245283,
    84.62264150943396,
    65.75471698113208,
    65.75471698113208,
    75.18867924528303,
    71.41509433962264,
    86.50943396226415,
    105.37735849056604,
    95.9433962264151
  ],
  "y": [
    65.5,
    60.5,
    53.0,
    78.0,
    65.5,
    60.5,
    58.0,
    68.0,
    75.5,
    88.0,
    88.0,
    98.0,
    75.5,
    98.0,
    78.0,
    83.0,
    105.5,
    125.5,
    143.0,
    130.5,
    153.0
  ],
  "p": [
    0.2788276338406622,
    0.36040060987579314,
    0.3756746972374629,
    0.5672573849032521,
    0.6567329381057866,
    0.6757120197608336,
    0.6376158909937227,
    0.8248096312186427,
    0.8084017209030276,
    0.8680139767525401,
    0.7670041933847553,
    0.836220538458244,
    0.7315891603968199,
    0.7971119158675983,
    0.6408944270833756,
    0.7216715527903489,
    0.6482915633281032,
    0.5477725802749845,
    0.4765795456820502,
    0.3344551725029371,
    0.36888920734477126
  ]
}