{
  "id": "synthetic_F_5597",
  "x": [
    128.42857142857144,
    148.42857142857144,
    142.71428571428572,
    114.14285714285714,
    111.28571428571428,
    102.71428571428572,
    79.85714285714286,
    97.0,
    122.71428571428571,
    139.85714285714286,
    137.0,
    139.85714285714286,
    157.0,
    131.28571428571428,
    111.28571428571428,
    88.42857142857143,
    77.0,
    82.71428571428572,
    57.0,
    85.57142857142857,
    102.71428571428572,
    108.42857142857143,
    82.71428571428572,
    111.28571428571428,
    94.14285714285714,
    65.57142857142857,
    65.57142857142857,
    94.14285714285714,
    111.28571428571428
  ],
  "y": [
    73.6923076923077,
    58.30769230769231,
    66.0,
    81.38461538461539,
    72.15384615384616,
    86.0,
    75.23076923076923,
    66.0,
    69.07692307692308,
    59.84615384615385,
    66.0,
    50.61538461538461,
    46.0,
    56.769230769230774,
    64.46153846153845,
    64.46153846153845,
    70.61538461538461,
    79.84615384615384,
    87.53846153846155,
    101.38461538461539,
    115.23076923076923,
    130.6153846153846,
    146.0,
    139.84615384615384,
    133.69230769230768,
    119.84615384615384,
    126.0,
    129.0769230769231,
    133.69230769230768
  ],
  "p": [
    0.3171206873053914,
    0.26766482625736554,
    0.4297509206356561,
    0.37315725377467807,
    0.44641696615209064,
    0.4695647543231775,
    0.5758145707330091,
    0.6591291545916712,
    0.5947724605340604,
    0.7931002308136971,
    0.6590194059213269,
    0.8432796344641007,
    0.8634399233170502,
    0.7037311380075021,
    0.7144678047099137,
    0.7584857475746203,
    0.7042933565011593,
    0.7196928033613209,
    0.8128478881993156,
    0.7055234862740096,
    0.6194479470609856,
    0.6972130376417291,
    0.5632002311653111,
    0.5290830293506811,
    0.5205989582541535,
    0.4734871993098495,
    0.4535440322037474,
    0.34329039940413375,
    0.31809850120985256
  ]
}