{
  "id": "synthetic_P_3055",
  "x": [
    56.0,
    89.33333333333334,
    76.83333333333333,
    81.0,
    85.16666666666667,
    56.0,
    68.5,
    68.5,
    85.16666666666667,
    85.16666666666667,
    110.16666666666666,
    126.83333333333333,
    126.83333333333333,
    156.0
  ],
  "y": [
    142.375,
    158.0,
    151.75,
    151.75,
    129.875,
    123.625,
    126.75,
    136.125,
    126.75,
    108.0,
    101.75,
    101.75,
    89.25,
    58.0
  ],
  "p": [
    0.22357066741808435,
    0.464897588228136,
    0.45274459492780283,
    0.5516667045491997,
    0.7423508574639383,
    0.7155613815677232,
    0.7759945382532625,
    0.7119361573725648,
    0.7551118054741693,
    0.6986159644057282,
    0.6630859089800425,
    0.4827735497370964,
    0.5180059220710551,
    0.31015924434366293
  ]
}