{
  "id": "synthetic_8_5414",
  "x": [
    75.58620689655172,
    75.58620689655172,
    85.93103448275862,
    68.6896551724138,
    54.89655172413793,
    54.89655172413793,
    48.0,
    75.58620689655172,
    82.48275862068965,
    103.17241379310344,
    89.37931034482759,
    110.06896551724138,
    127.3103448275862,
    148.0,
    141.10344827586206,
    134.20689655172413,
    103.17241379310344,
    106.62068965517241,
    110.06896551724138,
    82.48275862068965,
    79.0344827586207,
    113.51724137931035,
    130.75862068965517
  ],
  "y": [
    107.11111111111111,
    129.33333333333331,
    129.33333333333331,
    146.0,
    129.33333333333331,
    107.11111111111111,
    90.44444444444444,
    101.55555555555556,
    57.111111111111114,
    46.0,
    79.33333333333334,
    134.88888888888889,
    84.88888888888889,
    134.88888888888889,
    79.33333333333334,
    101.55555555555556,
    62.66666666666667,
    84.88888888888889,
    96.0,
    101.55555555555556,
    62.66666666666667,
    46.0,
    84.88888888888889
  ],
  "p": [
    0.3058359341132304,
    0.3111362698504416,
    0.4414488017147297,
    0.5161416078829841,
    0.5766595787320251,
    0.6835704501225912,
    0.7229443657220163,
    0.700707618074262,
    0.6680676557979914,
    0.7442610451105871,
    0.8846278823383494,
    0.8032711160912769,
    0.7710282379970671,
    0.8251076645670745,
    0.7363558620276129,
    0.6500262487462409,
    0.6938941471366309,
    0.62506349186984,
    0.49509238821938173,
    0.5929809687531467,
    0.4795533708367131,
    0.3180824091854152,
    0.37069151240433873
  ]
}