{
  "id": "synthetic_H_4527",
  "x": [
    65.22222222222223,
    81.88888888888889,
    137.44444444444446,
    131.88888888888889,
    143.0,
    87.44444444444444,
    87.44444444444444,
    87.44444444444444,
    43.0,
    87.44444444444444,
    70.77777777777777,
    81.88888888888889
  ],
  "y": [
    109.0,
    109.0,
    59.0,
    142.33333333333331,
    59.0,
    134.0,
    117.33333333333334,
    150.66666666666669,
    134.0,
    159.0,
    134.0,
    134.0
  ],
  "p": [
    0.2083384984495567,
    0.44971269129788394,
    0.5909829292405113,
    0.5844802811930021,
    0.6627515856323385,
    0.7494453641470542,
    0.8689680803021923,
    0.7684498789592566,
    0.7074769148308385,
    0.5388117621115789,
    0.3582119400491924,
    0.3440562760027758
  ]
}