{
  "id": "synthetic_n_1206",
  "x": [
    53.0,
    86.33333333333334,
    62.523809523809526,
    100.61904761904762,
    138.71428571428572,
    100.61904761904762,
    129.1904761904762,
    110.14285714285714,
    153.0,
    138.71428571428572,
    114.9047619047619,
    129.1904761904762,
    91.0952380952381
  ],
  "y": [
    80.0,
    93.33333333333334,
    113.33333333333334,
    106.66666666666666,
    160.0,
    133.33333333333331,
    73.33333333333333,
    100.0,
    60.0,
    120.0,
    80.0,
    80.0,
    126.66666666666667
  ],
  "p": [
    0.23402049774564165,
    0.33971276877279977,
    0.5616839173998828,
    0.7201323392568175,
    0.7547684839288413,
    0.7524748521541744,
    0.7102212887211232,
    0.7436341585700389,
    0.7162957504511976,
    0.7034423026484408,
    0.635043479041613,
    0.3356711976827493,
    0.26993608545785236
  ]
}