{
  "id": "synthetic_1_2668",
  "x": [
    95.0,
    92.0,
    96.0,
    87.0,
    96.0,
    89.0,
    94.0,
    97.0,
    96.0,
    90.0,
    89.0,
    97.0,
    96.0,
    94.0,
    94.0,
    90.0
  ],
  "y": [
    43.0,
    46.0,
    53.0,
    63.0,
    69.0,
    76.0,
    82.0,
    84.0,
    92.0,
    98.0,
    106.0,
    113.0,
    118.0,
    121.0,
    128.0,
    137.0
  ],
  "p": [
    0.37323297210078293,
    0.3696952155325031,
    0.5533076353502459,
    0.5991436244506521,
    0.6800859424936808,
    0.7025885225738545,
    0.8123719758106707,
    0.7819975050776669,
    0.8770650209372042,
    0.7585165004947804,
    0.6862533887636031,
    0.7351526381036918,
    0.6417343147765094,
    0.4677439229075833,
    0.33001023828683784,
    0.25538197728495476
  ]
}