{
  "id": "synthetic_3_7472",
  "x": [
    62.244897959183675,
    52.04081632653061,
    62.244897959183675,
    54.08163265306123,
    72.44897959183673,
    70.40816326530611,
    82.65306122448979,
    92.85714285714286,
    82.65306122448979,
    70.40816326530611,
    50.0,
    66.3265306122449,
    86.73469387755102,
    103.06122448979592,
    101.0204081632653,
    86.73469387755102,
    96.93877551020408,
    101.0204081632653,
    109.18367346938776,
    127.55102040816327,
    119.38775510204081,
    131.6326530612245,
    129.59183673469386,
    150.0,
    147.9591836734694,
    133.67346938775512,
    113.26530612244898,
    105.10204081632654,
    107.14285714285714
  ],
  "y": [
    55.0,
    55.0,
    72.94871794871796,
    83.2051282051282,
    90.8974358974359,
    83.2051282051282,
    70.38461538461539,
    83.2051282051282,
    101.15384615384616,
    88.33333333333334,
    78.07692307692308,
    83.2051282051282,
    106.28205128205128,
    80.64102564102564,
    106.28205128205128,
    108.84615384615384,
    131.9230769230769,
    147.30769230769232,
    155.0,
    137.05128205128204,
    116.53846153846155,
    121.66666666666667,
    101.15384615384616,
    124.23076923076923,
    124.23076923076923,
    137.05128205128204,
    147.30769230769232,
    155.0,
    149.87179487179486
  ],
  "p": [
    0.2637806134066378,
    0.32684078635145686,
    0.31918872180270286,
    0.5072642965295553,
    0.5866430938219526,
    0.4942847300461451,
    0.5963168114514723,
    0.6355303312168579,
    0.6181235950281561,
    0.7088419003865809,
    0.762505288305907,
    0.868503488038801,
    0.8195317024694011,
    0.7953948656468292,
    0.8311992108610571,
    0.7537978759564868,
    0.7400708591435882,
    0.752681187470571,
    0.7811973518352178,
    0.6786898541078812,
    0.7131734346689074,
    0.5676857715474942,
    0.6937293188773247,
    0.5640449858706813,
    0.5827200884552015,
    0.5298256677737042,
    0.4809674078116962,
    0.3181592457017223,
    0.29868149533901883
  ]
}