{
  "id": "synthetic_c_1236",
  "x": [
    134.0,
    124.0,
    109.0,
    97.0,
    84.0,
    73.0,
    64.0,
    60.0,
    55.0,
    57.0,
    64.0,
    73.0,
    87.0,
    99.0,
    109.0,
    121.0,
    132.0
  ],
  "y": [
    130.0,
    138.0,
    144.0,
    140.0,
    137.0,
    134.0,
    123.0,
    110.0,
    98.0,
    85.0,
    71.0,
    61.0,
    53.0,
    51.0,
    50.0,
    55.0,
    64.0
  ],
  "p": [
    0.3254819784691032,
    0.3520367460221923,
    0.5528943979156073,
    0.4911371484758673,
    0.6194858520617961,
    0.6567796077945556,
    0.7489438249085484,
    0.8669564318962448,
    0.7238690242162156,
    0.7285218150642964,
    0.8503684818448336,
    0.7235388868268404,
    0.620229205008888,
    0.5418227947870475,
    0.4760779016634399,
    0.4844044425532016,
    0.25158804673802176
  ]
}