{
  "id": "synthetic_C_8368",
  "x": [
    135.0,
    123.0,
    103.0,
    88.0,
    74.0,
    66.0,
    62.0,
    62.0,
    75.0,
    89.0,
    107.0,
    123.0,
    138.0
  ],
  "y": [
    130.0,
    144.0,
    147.0,
    142.0,
    130.0,
    118.0,
    101.0,
    83.0,
    71.0,
    60.0,
    55.0,
    62.0,
    71.0
  ],
  "p": [
    0.3347638547480835,
    0.3627709364896219,
    0.46903485631461517,
    0.6087664598579285,
    0.7640265984893281,
    0.72291219288751,
    0.81315446323875,
    0.8660716321193166,
    0.7806879441706513,
    0.6710808823519924,
    0.6047683848096517,
    0.3363912846834044,
    0.2182816703423311
  ]
}