{
  "id": "synthetic_X_3608",
  "x": [
    150.0,
    109.0909090909091,
    86.36363636363637,
    127.27272727272727,
    104.54545454545455,
    63.63636363636364,
    81.81818181818181,
    100.0,
    86.36363636363637,
    68.18181818181819,
    63.63636363636364,
    104.54545454545455,
    90.9090909090909,
    50.0,
    72.72727272727272
  ],
  "y": [
    139.5,
    129.5,
    142.0,
    117.0,
    117.0,
    114.5,
    99.5,
    87.0,
    64.5,
    87.0,
    74.5,
    72.0,
    54.5,
    42.0,
    47.0
  ],
  "p": [
    0.39510360086221913,
    0.3284024174131887,
    0.52402789984566,
    0.561183830094905,
    0.6978197668497799,
    0.800976158317643,
    0.772357934845909,
    0.8039118739207098,
    0.8471201550199521,
    0.7446560883840677,
    0.6744740953769437,
    0.5919662422885875,
    0.43489004990389735,
    0.3737564365368292,
    0.30347651750455834
  ]
}