{
  "id": "synthetic_t_8188",
  "x": [
    141.0,
    131.9090909090909,
    136.45454545454544,
    138.72727272727275,
    134.1818181818182,
    113.72727272727273,
    95.54545454545455,
    109.18181818181819,
    91.0,
    72.81818181818181,
    95.54545454545455,
    100.0909090909091,
    95.54545454545455,
    75.0909090909091,
    56.90909090909091,
    52.36363636363636,
    72.81818181818181,
    56.90909090909091,
    41.0,
    54.63636363636364,
    61.45454545454545,
    54.63636363636364,
    75.0909090909091,
    93.27272727272728,
    75.0909090909091
  ],
  "y": [
    143.83333333333331,
    123.0,
    108.41666666666666,
    95.91666666666666,
    100.08333333333334,
    114.66666666666667,
    133.41666666666669,
    123.0,
    137.58333333333331,
    125.08333333333333,
    131.33333333333331,
    148.0,
    135.5,
    123.0,
    112.58333333333333,
    102.16666666666666,
    102.16666666666666,
    83.41666666666666,
    68.83333333333333,
    66.75,
    62.583333333333336,
    73.0,
    81.33333333333334,
    64.66666666666667,
    48.0
  ],
  "p": [
    0.39365932607725806,
    0.3193950602632229,
    0.5150402874915279,
    0.4750727205851099,
    0.6315913591252261,
    0.6166665004308174,
    0.6297025110744963,
    0.7023764686924072,
    0.8016902116274744,
    0.7531719735177476,
    0.8727370313926447,
    0.7478591340232017,
    0.8368847083099468,
    0.7189362162486687,
    0.724637731900182,
    0.7411754836377566,
    0.7957752096908064,
    0.7814671761012508,
    0.6843556240409512,
    0.6464577599938791,
    0.6412020349866581,
    0.39913807536632895,
    0.5145518483285307,
    0.37113812482258457,
    0.3041876802148007
  ]
}