{
  "id": "synthetic_y_2304",
  "x": [
    113.73170731707317,
    96.65853658536585,
    84.46341463414635,
    99.09756097560975,
    94.21951219512195,
    94.21951219512195,
    99.09756097560975,
    116.17073170731707,
    140.5609756097561,
    143.0,
    130.8048780487805,
    116.17073170731707,
    123.48780487804878,
    101.53658536585365,
    84.46341463414635,
    94.21951219512195,
    77.14634146341464,
    84.46341463414635,
    99.09756097560975,
    96.65853658536585,
    79.58536585365854,
    64.95121951219512,
    43.0
  ],
  "y": [
    52.5,
    47.5,
    67.5,
    45.0,
    62.5,
    77.5,
    102.5,
    112.5,
    105.0,
    102.5,
    102.5,
    112.5,
    130.0,
    125.0,
    107.5,
    100.0,
    95.0,
    120.0,
    145.0,
    132.5,
    132.5,
    137.5,
    130.0
  ],
  "p": [
    0.38498449678739594,
    0.343828357847268,
    0.47234291353819935,
    0.4894668524495838,
    0.5594314167744885,
    0.6370088361153353,
    0.6136625039746693,
    0.8144581110086535,
    0.8014814433172537,
    0.8409922369005509,
    0.8729539290784104,
    0.8061591372443848,
    0.8740095872676616,
    0.7799196517172644,
    0.7572398564747659,
    0.6452767334162302,
    0.7359630320380066,
    0.6370655778056181,
    0.5769316430676754,
    0.5643534204986584,
    0.4419630001473007,
    0.3288458025501144,
    0.21670313329084034
  ]
}