{
  "id": "synthetic_X_3930",
  "x": [
    103.14285714285714,
    78.14285714285714,
    85.28571428571428,
    103.14285714285714,
    67.42857142857143,
    46.0,
    67.42857142857143,
    88.85714285714286,
    63.85714285714286,
    92.42857142857143,
    78.14285714285714,
    81.71428571428572,
    103.14285714285714,
    121.0,
    146.0
  ],
  "y": [
    56.4054054054054,
    51.0,
    61.81081081081081,
    69.91891891891892,
    83.43243243243244,
    80.72972972972973,
    99.64864864864865,
    107.75675675675676,
    132.0810810810811,
    129.3783783783784,
    142.89189189189187,
    115.86486486486487,
    140.1891891891892,
    151.0,
    145.59459459459458
  ],
  "p": [
    0.3782329812447449,
    0.44420464721694114,
    0.5588148692330135,
    0.5830905951521654,
    0.746099531091139,
    0.8301634773172372,
    0.6896034016912509,
    0.7090478219137071,
    0.7119612960232983,
    0.68951296827469,
    0.6809012200186826,
    0.5557708050915388,
    0.4889405987821319,
    0.4272511139668303,
    0.39628194127480587
  ]
}