{
  "id": "synthetic_H_8642",
  "x": [
    59.111111111111114,
    84.11111111111111,
    56.333333333333336,
    73.0,
    70.22222222222223,
    56.333333333333336,
    48.0,
    53.55555555555556,
    81.33333333333334,
    92.44444444444444,
    98.0,
    120.22222222222223,
    148.0,
    142.44444444444446
  ],
  "y": [
    108.76470588235294,
    91.11764705882354,
    102.88235294117646,
    120.52941176470588,
    147.0,
    129.3529411764706,
    114.6470588235294,
    138.1764705882353,
    141.11764705882354,
    114.6470588235294,
    88.1764705882353,
    85.23529411764706,
    73.47058823529412,
    47.0
  ],
  "p": [
    0.24026481681733047,
    0.32593010337343303,
    0.4622700290389481,
    0.5674590234923406,
    0.690569311321671,
    0.7583023028071864,
    0.7763756314401854,
    0.8099878088624253,
    0.7820263747657238,
    0.7958557028099231,
    0.726230215008733,
    0.6307365729919496,
    0.44923365285960404,
    0.24959238948515286
  ]
}