{
  "id": "synthetic_g_7322",
  "x": [
    128.5,
    133.5,
    131.0,
    121.0,
    126.0,
    133.5,
    151.0,
    128.5,
    143.5,
    151.0,
    151.0,
    128.5,
    103.5,
    121.0,
    123.5,
    133.5,
    126.0,
    113.5,
    98.5,
    96.0,
    113.5,
    113.5,
    93.5,
    83.5,
    58.5,
    51.0,
    68.5,
    51.0,
    66.0,
    58.5
  ],
  "y": [
    137.0487804878049,
    124.85365853658537,
    139.4878048780488,
    115.09756097560975,
    117.53658536585365,
    117.53658536585365,
    98.02439024390245,
    90.70731707317073,
    80.95121951219512,
    105.34146341463415,
    107.78048780487805,
    95.58536585365854,
    105.34146341463415,
    102.90243902439025,
    78.51219512195122,
    59.0,
    80.95121951219512,
    66.3170731707317,
    90.70731707317073,
    107.78048780487805,
    124.85365853658537,
    144.3658536585366,
    137.0487804878049,
    122.41463414634146,
    110.21951219512195,
    124.85365853658537,
    137.0487804878049,
    141.9268292682927,
    149.2439024390244,
    159.0
  ],
  "p": [
    0.3253574392666,
    0.4347571887494858,
    0.32691987014671575,
    0.3654020886128355,
    0.4236491359297794,
    0.5466818325401411,
    0.5898550263712623,
    0.5966331302661075,
    0.6374263726345242,
    0.675869169451877,
    0.756444697241928,
    0.7503246025889111,
    0.8413603061273253,
    0.7111969530620071,
    0.7346227273823327,
    0.8334571516386119,
    0.8556478203814966,
    0.6856403885467486,
    0.8203046699874629,
    0.6602030063868636,
    0.7240271133902122,
    0.7701343451190289,
    0.6503110943068274,
    0.5343299890661959,
    0.6371802203813003,
    0.46400105856405893,
    0.5332059934145232,
    0.4305866564952294,
    0.3267529214214564,
    0.21933679978359755
  ]
}