{
  "id": "synthetic_I_1504",
  "x": [
    77.03703703703704,
    64.07407407407408,
    62.22222222222222,
    45.55555555555556,
    47.407407407407405,
    49.25925925925926,
    45.55555555555556,
    40.0,
    54.81481481481482,
    69.62962962962963,
    67.77777777777777,
    82.5925925925926,
    90.0,
    95.55555555555556,
    112.22222222222223,
    117.77777777777777,
    99.25925925925927,
    99.25925925925927,
    102.96296296296296,
    121.48148148148148,
    140.0
  ],
  "y": [
    115.5,
    131.125,
    153.0,
    137.375,
    134.25,
    106.125,
    81.125,
    56.125,
    74.875,
    84.25,
    84.25,
    53.0,
    74.875,
    99.875,
    115.5,
    106.125,
    134.25,
    128.0,
    112.375,
    118.625,
    87.375
  ],
  "p": [
    0.2291300844911927,
    0.4554298819223087,
    0.4567475915875957,
    0.5048628993386088,
    0.6030713463433272,
    0.667422349594875,
    0.6213482258689351,
    0.6690937363435214,
    0.78923651475216,
    0.7131398246720695,
    0.8941727185353282,
    0.783980341090777,
    0.8235526608753171,
    0.6993405406564903,
    0.6569040328910066,
    0.6500626893475098,
    0.6929095445504005,
    0.6130799141710752,
    0.5230529147075726,
    0.31490391396107714,
    0.29141078335652354
  ]
}