{
  "id": "synthetic_J_5888",
  "x": [
    74.91891891891892,
    61.4054054054054,
    56.0,
    83.02702702702703,
    99.24324324324324,
    107.35135135135135,
    101.94594594594594,
    112.75675675675676,
    123.56756756756756,
    131.67567567567568,
    156.0,
    131.67567567567568,
    120.86486486486487,
    93.83783783783784,
    107.35135135135135,
    83.02702702702703,
    64.10810810810811,
    58.7027027027027,
    85.72972972972973,
    93.83783783783784,
    120.86486486486487,
    93.83783783783784,
    66.8108108108108,
    93.83783783783784,
    83.02702702702703,
    104.64864864864865,
    93.83783783783784,
    120.86486486486487
  ],
  "y": [
    102.16981132075472,
    121.0377358490566,
    107.83018867924528,
    88.9622641509434,
    81.41509433962264,
    73.86792452830188,
    70.09433962264151,
    55.0,
    62.54716981132076,
    66.32075471698113,
    55.0,
    70.09433962264151,
    85.18867924528303,
    98.39622641509433,
    107.83018867924528,
    119.15094339622641,
    113.49056603773585,
    109.71698113207547,
    119.15094339622641,
    105.9433962264151,
    96.50943396226415,
    115.37735849056604,
    128.58490566037736,
    121.0377358490566,
    115.37735849056604,
    128.58490566037736,
    145.56603773584905,
    155.0
  ],
  "p": [
    0.37219270892087297,
    0.3313059773376507,
    0.48575870952362665,
    0.5386164135291589,
    0.4712903370513488,
    0.668214719173593,
    0.6530625795841295,
    0.6792534180951124,
    0.6461873171988735,
    0.7634808044875966,
    0.8452180000482612,
    0.8604472456500876,
    0.7420809435133063,
    0.7702839238757163,
    0.8532066582487086,
    0.7733758034875772,
    0.7188182874214569,
    0.6793464137273028,
    0.7530254259059793,
    0.6497953432366208,
    0.7297021890460734,
    0.7127558875999239,
    0.5204346685613345,
    0.45048480256064855,
    0.43447157978600137,
    0.38399328534627064,
    0.3851378475779411,
    0.3798586953019506
  ]
}