{
  "id": "synthetic_D_7585",
  "x": [
    150.0,
    134.6153846153846,
    107.6923076923077,
    103.84615384615384,
    69.23076923076923,
    92.3076923076923,
    76.92307692307692,
    50.0,
    76.92307692307692,
    84.61538461538461,
    96.15384615384616
  ],
  "y": [
    97.05882352941177,
    50.0,
    91.1764705882353,
    120.58823529411765,
    102.94117647058823,
    85.29411764705883,
    91.1764705882353,
    50.0,
    97.05882352941177,
    150.0,
    150.0
  ],
  "p": [
    0.32582460905457916,
    0.5247732063754924,
    0.5698682935402124,
    0.7665843269671495,
    0.735600976740812,
    0.8621412166050464,
    0.7028138396309522,
    0.7433521815238656,
    0.5322024832896592,
    0.5193848869760537,
    0.37162148980269344
  ]
}