{
  "id": "synthetic_Q_7693",
  "x": [
    58.0,
    58.0,
    74.36363636363636,
    81.63636363636364,
    79.81818181818181,
    72.54545454545455,
    83.45454545454545,
    92.54545454545455,
    105.27272727272728,
    118.0,
    136.1818181818182,
    125.27272727272727,
    108.9090909090909,
    108.9090909090909,
    108.9090909090909,
    127.0909090909091,
    130.72727272727275,
    112.54545454545455,
    123.45454545454545,
    136.1818181818182,
    130.72727272727275,
    118.0,
    112.54545454545455,
    128.9090909090909,
    139.8181818181818,
    152.54545454545456,
    158.0
  ],
  "y": [
    70.39024390243902,
    87.46341463414635,
    92.34146341463415,
    87.46341463414635,
    89.90243902439025,
    67.95121951219512,
    46.0,
    58.19512195121951,
    46.0,
    60.63414634146341,
    67.95121951219512,
    92.34146341463415,
    116.73170731707317,
    109.41463414634146,
    124.04878048780488,
    126.48780487804878,
    119.17073170731707,
    116.73170731707317,
    121.60975609756098,
    126.48780487804878,
    146.0,
    133.8048780487805,
    109.41463414634146,
    99.65853658536585,
    102.09756097560975,
    109.41463414634146,
    87.46341463414635
  ],
  "p": [
    0.34760094936983466,
    0.29289766159501884,
    0.436360692894674,
    0.5598812416253555,
    0.5230822450019205,
    0.5417897441060777,
    0.5398767764256769,
    0.6302596234488511,
    0.7301045044474441,
    0.7245537198138788,
    0.7692573987311843,
    0.8068808027262612,
    0.8317735132673953,
    0.820855362013982,
    0.7727435005599725,
    0.6927336768333453,
    0.7614348018127122,
    0.8144306965220731,
    0.6778617211484678,
    0.726147590163176,
    0.6863785427814565,
    0.6263500363339202,
    0.5183180582565834,
    0.415999612467333,
    0.39221158135339274,
    0.26444299848205643,
    0.2238122294512921
  ]
}