{
  "id": "synthetic_j_5357",
  "x": [
    68.5,
    73.5,
    51.0,
    76.0,
    63.5,
    56.0,
    76.0,
    68.5,
    83.5,
    101.0,
    123.5,
    116.0,
    108.5,
    128.5,
    113.5,
    136.0,
    126.0,
    101.0,
    126.0,
    121.0,
    128.5,
    146.0,
    133.5,
    143.5,
    151.0,
    126.0,
    131.0
  ],
  "y": [
    66.71428571428572,
    56.714285714285715,
    46.714285714285715,
    41.0,
    43.857142857142854,
    55.285714285714285,
    42.42857142857143,
    46.714285714285715,
    61.0,
    73.85714285714286,
    75.28571428571428,
    85.28571428571428,
    91.0,
    103.85714285714286,
    111.0,
    116.71428571428571,
    105.28571428571429,
    116.71428571428571,
    128.14285714285714,
    136.71428571428572,
    133.85714285714286,
    126.71428571428571,
    141.0,
    133.85714285714286,
    123.85714285714286,
    138.14285714285714,
    136.71428571428572
  ],
  "p": [
    0.34569754180122714,
    0.4240561668219297,
    0.4391930416497545,
    0.46312078201443596,
    0.5996307721423491,
    0.6815277003022987,
    0.7119998734982418,
    0.7507864034014808,
    0.6202029916450715,
    0.6889465906423882,
    0.7614104861438428,
    0.7986134523539439,
    0.8169883779606953,
    0.7266290771431534,
    0.7311645152634965,
    0.8602739662668805,
    0.6858797808500063,
    0.7609408796093816,
    0.7773649857963624,
    0.5984782962412073,
    0.6326843946391734,
    0.5413375753350725,
    0.47254730074618073,
    0.4249650585471519,
    0.5191804291234747,
    0.4279571659846598,
    0.24534998341578415
  ]
}