{
  "id": "synthetic_Z_9711",
  "x": [
    137.68852459016392,
    137.68852459016392,
    131.1311475409836,
    136.04918032786884,
    142.60655737704917,
    159.0,
    144.24590163934425,
    139.327868852459,
    122.9344262295082,
    114.73770491803279,
    98.34426229508196,
    93.42622950819671,
    93.42622950819671,
    77.0327868852459,
    80.31147540983606,
    81.95081967213115,
    80.31147540983606,
    70.47540983606558,
    78.67213114754098,
    75.39344262295081,
    59.0,
    70.47540983606558,
    86.8688524590164,
    80.31147540983606,
    96.70491803278688,
    91.78688524590163,
    95.0655737704918,
    91.78688524590163,
    106.54098360655738
  ],
  "y": [
    74.73913043478261,
    79.08695652173913,
    105.17391304347825,
    66.04347826086956,
    61.69565217391305,
    70.3913043478261,
    83.43478260869566,
    105.17391304347825,
    92.13043478260869,
    53.0,
    74.73913043478261,
    61.69565217391305,
    100.82608695652175,
    109.52173913043478,
    153.0,
    139.95652173913044,
    126.91304347826087,
    83.43478260869566,
    105.17391304347825,
    113.86956521739131,
    70.3913043478261,
    100.82608695652175,
    122.56521739130434,
    122.56521739130434,
    122.56521739130434,
    118.21739130434783,
    74.73913043478261,
    83.43478260869566,
    100.82608695652175
  ],
  "p": [
    0.3417453416188748,
    0.42281017591325587,
    0.43588856033579404,
    0.45908533445507066,
    0.5250175173178163,
    0.526006278535267,
    0.5752032697822415,
    0.5605089837469506,
    0.6807811425134406,
    0.6340127197177954,
    0.8171520257790645,
    0.8499926440611292,
    0.752063535676195,
    0.8414055611753449,
    0.7288844788200441,
    0.7235569687245662,
    0.840775792710208,
    0.8659623456209197,
    0.7395344584474942,
    0.6586382436189064,
    0.7633249275259792,
    0.632489043693405,
    0.702985562119112,
    0.6134269242122866,
    0.5253043635396303,
    0.4167267586556902,
    0.4515363175124909,
    0.3194986065188461,
    0.2777255902792572
  ]
}