{
  "id": "synthetic_Q_7467",
  "x": [
    121.0,
    109.0,
    101.0,
    105.0,
    133.0,
    145.0,
    125.0,
    133.0,
    109.0,
    85.0,
    45.0,
    77.0,
    49.0,
    61.0,
    77.0,
    109.0,
    109.0
  ],
  "y": [
    94.0,
    114.0,
    129.0,
    144.0,
    94.0,
    104.0,
    144.0,
    114.0,
    69.0,
    94.0,
    84.0,
    79.0,
    94.0,
    89.0,
    124.0,
    94.0,
    44.0
  ],
  "p": [
    0.38018545728899134,
    0.409099684939585,
    0.5436923352505079,
    0.5282069393752332,
    0.7118807157669238,
    0.8039189391387461,
    0.8180403818283479,
    0.7039520081324278,
    0.7854384407564986,
    0.7627510432746386,
    0.7157527413986928,
    0.6958927579531925,
    0.573026204789362,
    0.650871374575756,
    0.4841510140191598,
    0.4248119182703823,
    0.202625306721694
  ]
}