{
  "id": "synthetic_F_5898",
  "x": [
    144.6153846153846,
    121.53846153846155,
    160.0,
    148.46153846153845,
    113.84615384615384,
    106.15384615384616,
    102.3076923076923,
    125.38461538461539,
    90.76923076923077,
    60.0,
    90.76923076923077,
    67.6923076923077
  ],
  "y": [
    59.0,
    74.0,
    96.5,
    116.5,
    114.0,
    134.0,
    134.0,
    141.5,
    159.0,
    144.0,
    119.0,
    124.0
  ],
  "p": [
    0.25095293190014845,
    0.4728545879508499,
    0.5911005106260712,
    0.6629832567495529,
    0.6913574531311448,
    0.8535577265973933,
    0.8947108053393491,
    0.6954252254703153,
    0.7271858757163268,
    0.5678905915464613,
    0.36611419043259963,
    0.38366017157035115
  ]
}