{
  "id": "synthetic_t_6457",
  "x": [
    130.0,
    98.0,
    122.0,
    98.0,
    122.0,
    102.0,
    94.0,
    90.0,
    78.0,
    90.0,
    114.0,
    98.0,
    98.0,
    58.0,
    86.0,
    106.0,
    106.0,
    98.0,
    138.0,
    114.0,
    122.0,
    122.0,
    94.0,
    106.0,
    126.0,
    146.0,
    158.0
  ],
  "y": [
    104.97435897435898,
    89.58974358974359,
    76.76923076923077,
    58.82051282051282,
    79.33333333333334,
    69.07692307692308,
    61.38461538461539,
    63.94871794871795,
    58.82051282051282,
    69.07692307692308,
    61.38461538461539,
    84.46153846153845,
    92.15384615384616,
    102.41025641025641,
    120.35897435897436,
    104.97435897435898,
    112.66666666666667,
    130.6153846153846,
    146.0,
    143.43589743589743,
    120.35897435897436,
    110.1025641025641,
    107.53846153846155,
    94.71794871794872,
    69.07692307692308,
    46.0,
    63.94871794871795
  ],
  "p": [
    0.28628198189675735,
    0.2695878376013018,
    0.3651191298561852,
    0.4372091627772639,
    0.6002884386024417,
    0.5506943618121449,
    0.6580067759002377,
    0.7068995775070371,
    0.6861606081157908,
    0.7618057492408278,
    0.829014754473185,
    0.7931827508335064,
    0.7668519868798114,
    0.8639801150481178,
    0.767781566758943,
    0.7456315688677572,
    0.7940581143979568,
    0.6837863503735201,
    0.6812070721859826,
    0.6935926251286891,
    0.5544667095238829,
    0.5030976875056801,
    0.5147986373586236,
    0.5062854111405513,
    0.3441864786317359,
    0.4373550318625107,
    0.2179599240446567
  ]
}