{
  "id": "synthetic_W_2574",
  "x": [
    39.0,
    48.166666666666664,
    48.333333333333336,
    53.5,
    55.66666666666667,
    61.83333333333333,
    64.0,
    68.16666666666667,
    72.33333333333334,
    76.33333333333334,
    80.50000000000001,
    82.66666666666667,
    89.83333333333334,
    94.00000000000001,
    96.16666666666667,
    99.33333333333334,
    102.50000000000001,
    105.66666666666669,
    105.66666666666667,
    108.83333333333334,
    114.0,
    121.16666666666667,
    126.33333333333334,
    131.5,
    129.66666666666669,
    139.83333333333334,
    139.0
  ],
  "y": [
    42.0,
    51.5,
    66.0,
    76.5,
    88.0,
    101.5,
    113.0,
    129.5,
    141.0,
    138.0,
    126.5,
    116.0,
    102.5,
    92.0,
    78.5,
    64.0,
    54.5,
    41.0,
    37.0,
    53.5,
    68.0,
    78.5,
    93.0,
    101.5,
    115.0,
    130.5,
    140.0
  ],
  "p": [
    0.3339910623122423,
    0.39873278491180786,
    0.4884749701328784,
    0.4380333149195318,
    0.5973286726721798,
    0.6657966861521772,
    0.674930040338845,
    0.5943129560380543,
    0.6515206543117441,
    0.681701102399653,
    0.8076854288398068,
    0.87181731343512,
    0.887183106899802,
    0.8569447069649606,
    0.7937987289373559,
    0.6939307518728791,
    0.8656844998792703,
    0.7468630925588633,
    0.7344741607990204,
    0.7091570404920292,
    0.5505427956735611,
    0.5407686040796162,
    0.4955551581329929,
    0.567728527463908,
    0.4104171806645396,
    0.29942835957196184,
    0.24384574201732473
  ]
}