{
  "id": "synthetic_G_7469",
  "x": [
    101.05405405405406,
    87.54054054054055,
    63.21621621621622,
    79.43243243243244,
    55.10810810810811,
    47.0,
    55.10810810810811,
    76.72972972972973,
    101.05405405405406,
    122.67567567567568,
    106.45945945945945,
    133.48648648648648,
    119.97297297297297,
    95.64864864864865,
    117.27027027027027,
    114.56756756756756,
    136.1891891891892,
    147.0,
    125.37837837837837
  ],
  "y": [
    140.0,
    124.61538461538461,
    107.3076923076923,
    99.61538461538461,
    109.23076923076923,
    109.23076923076923,
    99.61538461538461,
    101.53846153846155,
    109.23076923076923,
    107.3076923076923,
    88.07692307692308,
    80.38461538461539,
    61.15384615384615,
    45.76923076923077,
    45.76923076923077,
    40.0,
    53.46153846153846,
    68.84615384615384,
    65.0
  ],
  "p": [
    0.2900417317365853,
    0.44934226545346356,
    0.5406035470871532,
    0.5851761084836486,
    0.5495620858668832,
    0.6004978162633609,
    0.6369862008454114,
    0.714767976309976,
    0.736521671929458,
    0.8063606864145096,
    0.7306964858623983,
    0.7294538680250399,
    0.7927741323061109,
    0.7206758078304634,
    0.5459850941103135,
    0.45604438828733346,
    0.391501930541114,
    0.42969885916036343,
    0.21597520900350725
  ]
}