{
  "id": "synthetic_4_1428",
  "x": [
    132.1304347826087,
    136.47826086956522,
    132.1304347826087,
    143.0,
    121.26086956521739,
    121.26086956521739,
    99.52173913043478,
    116.91304347826087,
    132.1304347826087,
    127.78260869565217,
    112.56521739130434,
    112.56521739130434,
    103.86956521739131,
    88.65217391304347,
    90.82608695652175,
    93.0,
    75.6086956521739,
    79.95652173913044,
    99.52173913043478,
    86.47826086956522,
    75.6086956521739,
    58.21739130434783,
    53.869565217391305,
    64.73913043478261,
    69.08695652173913,
    62.565217391304344,
    43.0,
    53.869565217391305,
    69.08695652173913,
    47.34782608695652
  ],
  "y": [
    43.631578947368425,
    41.0,
    41.0,
    51.526315789473685,
    41.0,
    59.421052631578945,
    85.73684210526315,
    72.57894736842105,
    88.36842105263159,
    80.47368421052632,
    83.10526315789474,
    62.05263157894737,
    48.89473684210526,
    51.526315789473685,
    56.78947368421053,
    69.94736842105263,
    96.26315789473685,
    69.94736842105263,
    75.21052631578948,
    80.47368421052632,
    96.26315789473685,
    104.15789473684211,
    112.05263157894737,
    125.21052631578948,
    127.84210526315789,
    114.6842105263158,
    141.0,
    135.73684210526318,
    109.42105263157895,
    133.10526315789474
  ],
  "p": [
    0.2563142707399737,
    0.41427586425132434,
    0.3345339267219351,
    0.5523086826109088,
    0.4887375323884472,
    0.509005544223642,
    0.6371119325335406,
    0.7338207235038599,
    0.709647125365533,
    0.6532934645117838,
    0.7737068926824092,
    0.6792860433000114,
    0.8214572647210454,
    0.7458842077880031,
    0.8676348742964319,
    0.8433186221846093,
    0.792869344671241,
    0.8191433547117185,
    0.7824161536537767,
    0.8253690319650211,
    0.7721413496604522,
    0.749763682736177,
    0.7349228501917319,
    0.6583945346519768,
    0.6079921923440543,
    0.4819535426496895,
    0.46828229314805486,
    0.43330436397037086,
    0.3986243006089968,
    0.30079999345962477
  ]
}