{
  "id": "synthetic_O_5038",
  "x": [
    134.0,
    130.0,
    112.0,
    91.0,
    71.0,
    58.0,
    59.0,
    69.0,
    89.0,
    110.0,
    128.0,
    134.0
  ],
  "y": [
    94.0,
    119.0,
    133.0,
    136.0,
    125.0,
    105.0,
    85.0,
    64.0,
    55.0,
    59.0,
    73.0,
    98.0
  ],
  "p": [
    0.21095924086461348,
    0.5103696300138516,
    0.6561281444675694,
    0.6434763690114604,
    0.826449544923794,
    0.719832941924587,
    0.7123219245372683,
    0.8547635405163138,
    0.5993042855882106,
    0.5504455536706798,
    0.4785605092814761,
    0.3096306189174265
  ]
}