{
  "id": "synthetic_o_4762",
  "x": [
    142.0,
    134.0,
    104.0,
    74.0,
    52.0,
    51.0,
    73.0,
    107.0,
    131.0,
    143.0
  ],
  "y": [
    109.0,
    142.0,
    158.0,
    152.0,
    128.0,
    94.0,
    71.0,
    64.0,
    81.0,
    112.0
  ],
  "p": [
    0.37000148359777985,
    0.4391132988063919,
    0.7082999152256821,
    0.7915277304147946,
    0.8522497111019941,
    0.6956151041837371,
    0.6488014694451827,
    0.6098340454320734,
    0.44892032569017615,
    0.22374135023942307
  ]
}