{
  "id": "synthetic_9_5921",
  "x": [
    105.62068965517241,
    119.41379310344827,
    119.41379310344827,
    109.06896551724138,
    126.3103448275862,
    147.0,
    119.41379310344827,
    112.51724137931035,
    147.0,
    115.96551724137932,
    105.62068965517241,
    81.48275862068965,
    64.24137931034483,
    91.82758620689656,
    78.0344827586207,
    47.0,
    64.24137931034483,
    98.72413793103448,
    84.93103448275862,
    84.93103448275862,
    88.37931034482759,
    115.96551724137932,
    129.75862068965517,
    136.6551724137931,
    122.86206896551724,
    98.72413793103448,
    122.86206896551724,
    133.20689655172413
  ],
  "y": [
    145.0,
    129.31372549019608,
    111.66666666666667,
    94.01960784313727,
    86.1764705882353,
    94.01960784313727,
    90.09803921568627,
    78.33333333333334,
    70.49019607843137,
    76.37254901960785,
    68.52941176470588,
    72.45098039215686,
    80.29411764705883,
    99.90196078431373,
    101.86274509803921,
    101.86274509803921,
    111.66666666666667,
    111.66666666666667,
    101.86274509803921,
    95.98039215686273,
    82.25490196078431,
    88.13725490196079,
    78.33333333333334,
    58.72549019607843,
    48.92156862745098,
    48.92156862745098,
    48.92156862745098,
    45.0
  ],
  "p": [
    0.3761009100871484,
    0.3901845106260551,
    0.4167834513670063,
    0.48651952471933624,
    0.45637856892664186,
    0.51706811309909,
    0.6303109498228593,
    0.7204085874975044,
    0.7994203930751665,
    0.8297643090274562,
    0.7268154015582388,
    0.7188262969029559,
    0.8353578115299387,
    0.8671337797587578,
    0.869097507291133,
    0.7747195522076596,
    0.8218417622064189,
    0.8512600242166837,
    0.6422326313305733,
    0.7728799789963267,
    0.6023548764435243,
    0.654885067691389,
    0.5265048685174075,
    0.45610496225245983,
    0.5240627899634703,
    0.4465240181135894,
    0.3726364709634584,
    0.2652458488406269
  ]
}