{
  "id": "synthetic_I_5293",
  "x": [
    108.85185185185185,
    101.44444444444444,
    94.03703703703704,
    94.03703703703704,
    75.51851851851852,
    64.4074074074074,
    71.81481481481481,
    86.62962962962963,
    108.85185185185185,
    86.62962962962963,
    94.03703703703704,
    112.55555555555556,
    134.77777777777777,
    119.96296296296296,
    90.33333333333334,
    57.0,
    82.92592592592592,
    119.96296296296296,
    127.37037037037037,
    131.07407407407408,
    145.88888888888889,
    127.37037037037037,
    123.66666666666667,
    157.0,
    145.88888888888889
  ],
  "y": [
    69.66666666666667,
    66.33333333333333,
    78.0,
    86.33333333333334,
    84.66666666666666,
    79.66666666666666,
    66.33333333333333,
    54.666666666666664,
    51.333333333333336,
    43.0,
    43.0,
    53.0,
    49.666666666666664,
    53.0,
    64.66666666666667,
    81.33333333333334,
    89.66666666666666,
    98.0,
    114.66666666666667,
    124.66666666666667,
    138.0,
    143.0,
    138.0,
    126.33333333333333,
    126.33333333333333
  ],
  "p": [
    0.35045029019378626,
    0.339304921306216,
    0.4230663787698834,
    0.4162051601680497,
    0.605183346284943,
    0.6072526321295494,
    0.606613103699906,
    0.7139868204460635,
    0.7651185700291361,
    0.7151469763519602,
    0.7672591372332785,
    0.7349011063709209,
    0.7876399992735342,
    0.8795203392254517,
    0.733077350872139,
    0.7901542634905576,
    0.7704550082440723,
    0.5973016410587586,
    0.6226850615053612,
    0.5471347557712787,
    0.5090295392714158,
    0.5448402204006321,
    0.4213301264475972,
    0.4627882015981026,
    0.2173166814330849
  ]
}