{
  "id": "synthetic_i_3436",
  "x": [
    96.0,
    94.0,
    87.0,
    87.0,
    90.0,
    97.0,
    97.0,
    90.0,
    94.0,
    96.0,
    89.0,
    94.0,
    97.0
  ],
  "y": [
    42.0,
    50.0,
    60.0,
    69.0,
    74.0,
    85.0,
    91.0,
    100.0,
    103.0,
    113.0,
    119.0,
    129.0,
    136.0
  ],
  "p": [
    0.3751963986418598,
    0.41687179845081457,
    0.6220333807904075,
    0.7269033634422903,
    0.8132142802181274,
    0.855030879943727,
    0.8143308746902588,
    0.840334390249412,
    0.665376429639125,
    0.7348839146077589,
    0.524819355059712,
    0.36388174816029994,
    0.3060620326229156
  ]
}