{
  "id": "synthetic_M_4920",
  "x": [
    39.0,
    44.0,
    51.0,
    56.0,
    58.0,
    66.0,
    66.0,
    71.0,
    73.0,
    79.0,
    85.0,
    89.0,
    92.0,
    96.0,
    98.0,
    107.0,
    108.0,
    113.0,
    113.0,
    120.0,
    126.0,
    131.0,
    135.0,
    141.0
  ],
  "y": [
    143.0,
    135.0,
    123.0,
    115.0,
    106.0,
    94.0,
    46.0,
    52.0,
    65.0,
    74.0,
    85.0,
    92.0,
    145.0,
    134.0,
    125.0,
    112.0,
    103.0,
    94.0,
    46.0,
    56.0,
    65.0,
    76.0,
    84.0,
    95.0
  ],
  "p": [
    0.2894259328677672,
    0.3140686774433648,
    0.4917091477283452,
    0.5184105929846048,
    0.617530340029008,
    0.5826301388284306,
    0.6427017481841455,
    0.8042797677651681,
    0.6890497266610641,
    0.7896892924318696,
    0.7134993423153313,
    0.8690228953679905,
    0.8322061982389019,
    0.8304083882265327,
    0.760194147127362,
    0.7728864006851679,
    0.741918631509334,
    0.7126029677640175,
    0.5309028030544475,
    0.5797628510984092,
    0.4121917866025188,
    0.35614374918183733,
    0.284213251476042,
    0.39888816304199226
  ]
}