{
  "id": "synthetic_v_1105",
  "x": [
    42.0,
    54.0,
    60.0,
    75.0,
    82.0,
    93.0,
    91.0,
    104.0,
    113.0,
    121.0,
    133.0,
    143.0
  ],
  "y": [
    46.0,
    61.0,
    86.0,
    104.0,
    122.0,
    145.0,
    143.0,
    121.0,
    102.0,
    84.0,
    61.0,
    41.0
  ],
  "p": [
    0.2996814323898809,
    0.4006877088034661,
    0.5394710531650447,
    0.6208056747349944,
    0.7167618860874289,
    0.7759349925464349,
    0.8528129944681584,
    0.7610037199356999,
    0.701174716293688,
    0.6591158034464086,
    0.4586144323455191,
    0.3203439358442499
  ]
}