{
  "id": "synthetic_n_9847",
  "x": [
    122.92307692307692,
    115.23076923076923,
    92.15384615384616,
    99.84615384615384,
    117.7948717948718,
    120.35897435897436,
    120.35897435897436,
    97.28205128205128,
    99.84615384615384,
    76.76923076923077,
    58.82051282051282,
    51.12820512820513,
    56.256410256410255,
    71.64102564102564,
    46.0,
    61.38461538461539,
    84.46153846153845,
    87.02564102564102,
    84.46153846153845,
    97.28205128205128,
    120.35897435897436,
    146.0
  ],
  "y": [
    74.0,
    74.0,
    94.0,
    54.0,
    49.0,
    94.0,
    109.0,
    69.0,
    84.0,
    104.0,
    89.0,
    84.0,
    84.0,
    89.0,
    109.0,
    149.0,
    124.0,
    89.0,
    99.0,
    149.0,
    119.0,
    89.0
  ],
  "p": [
    0.2565359194737712,
    0.449628062938394,
    0.4733707448752144,
    0.5896983712579605,
    0.6209889796590992,
    0.6218480503424734,
    0.774732856286749,
    0.729492476755362,
    0.7182892846613306,
    0.8374930792360165,
    0.8702259265537766,
    0.8098640721431969,
    0.8457544910860622,
    0.7828202208799909,
    0.6365142249802664,
    0.7601001604338875,
    0.6172460082233309,
    0.5491926954743919,
    0.5600809646644314,
    0.38985613870619457,
    0.4301100110551502,
    0.38214315405468535
  ]
}