{
  "id": "synthetic_c_1877",
  "x": [
    132.0,
    124.0,
    115.0,
    107.0,
    97.0,
    89.0,
    80.0,
    75.0,
    69.0,
    61.0,
    61.0,
    60.0,
    58.0,
    58.0,
    65.0,
    66.0,
    76.0,
    83.0,
    91.0,
    97.0,
    105.0,
    114.0,
    121.0,
    132.0
  ],
  "y": [
    127.0,
    131.0,
    134.0,
    138.0,
    136.0,
    138.0,
    135.0,
    128.0,
    125.0,
    117.0,
    107.0,
    99.0,
    93.0,
    82.0,
    77.0,
    70.0,
    60.0,
    60.0,
    56.0,
    56.0,
    55.0,
    56.0,
    60.0,
    64.0
  ],
  "p": [
    0.29472458187910067,
    0.41994631819091366,
    0.42404081013222905,
    0.44582984159722416,
    0.4733779351813183,
    0.6493497886470778,
    0.7220816112992722,
    0.7230890142320087,
    0.6704973652177498,
    0.7530434874943857,
    0.7737957642613942,
    0.8168048652281541,
    0.7022688820889714,
    0.8167788829953738,
    0.7683726734773024,
    0.7293757304685231,
    0.8001647450518014,
    0.658945338343018,
    0.5325683687750449,
    0.5828479527972965,
    0.5284742989547824,
    0.41463197247332856,
    0.30184624146193223,
    0.36765986573001075
  ]
}