{
  "id": "synthetic_q_7842",
  "x": [
    134.23529411764707,
    140.11764705882354,
    143.05882352941177,
    122.47058823529412,
    107.76470588235294,
    116.58823529411765,
    143.05882352941177,
    140.11764705882354,
    146.0,
    128.3529411764706,
    113.6470588235294,
    116.58823529411765,
    93.05882352941177,
    75.41176470588235,
    46.0,
    75.41176470588235,
    98.94117647058823,
    125.41176470588235,
    107.76470588235294
  ],
  "y": [
    121.875,
    115.625,
    121.875,
    131.25,
    118.75,
    112.5,
    103.125,
    71.875,
    50.0,
    65.625,
    96.875,
    96.875,
    93.75,
    93.75,
    96.875,
    93.75,
    106.25,
    125.0,
    150.0
  ],
  "p": [
    0.27163458233896914,
    0.3567174316849268,
    0.5003994628748765,
    0.47020085717426247,
    0.5895714320485161,
    0.6218869948271603,
    0.7029842421676706,
    0.6976795793118138,
    0.8807547751307803,
    0.758349471299999,
    0.8447325365757689,
    0.7487421577056014,
    0.6433208653009703,
    0.6510322777288231,
    0.6194636612075667,
    0.5206499815678005,
    0.37309310923618333,
    0.3385617560309746,
    0.24370163756579627
  ]
}