{
  "id": "synthetic_B_1569",
  "x": [
    142.0,
    132.32258064516128,
    121.03225806451613,
    132.32258064516128,
    133.93548387096774,
    117.80645161290323,
    104.90322580645162,
    92.0,
    93.61290322580645,
    87.16129032258064,
    72.64516129032258,
    62.96774193548387,
    54.903225806451616,
    42.0,
    46.83870967741935,
    62.96774193548387,
    53.29032258064516,
    59.74193548387097,
    58.12903225806451,
    58.12903225806451,
    58.12903225806451,
    62.96774193548387,
    72.64516129032258,
    82.32258064516128,
    77.48387096774194,
    67.80645161290323,
    56.516129032258064,
    56.516129032258064
  ],
  "y": [
    156.2962962962963,
    160.0,
    141.48148148148147,
    141.48148148148147,
    148.88888888888889,
    139.62962962962962,
    132.22222222222223,
    124.81481481481481,
    135.92592592592592,
    117.4074074074074,
    115.55555555555556,
    121.11111111111111,
    113.7037037037037,
    121.11111111111111,
    108.14814814814815,
    97.03703703703704,
    98.88888888888889,
    91.48148148148148,
    78.51851851851852,
    69.25925925925927,
    69.25925925925927,
    72.96296296296296,
    80.37037037037037,
    63.7037037037037,
    67.4074074074074,
    60.0,
    74.81481481481481,
    91.48148148148148
  ],
  "p": [
    0.21375909395247053,
    0.3798918549327522,
    0.3747435930494777,
    0.4080848791845711,
    0.4445826088177439,
    0.527325798696169,
    0.631566325193578,
    0.7622864688420373,
    0.6109156141409913,
    0.738287400021732,
    0.6627259718023264,
    0.7818548647301223,
    0.8013293583967592,
    0.8820525362983942,
    0.8853414096404684,
    0.7530183402066329,
    0.7661471575013369,
    0.6903915168809391,
    0.7660869304245892,
    0.7148641560642711,
    0.6908895499685677,
    0.5286100862703891,
    0.5308177742411758,
    0.552818853847403,
    0.40384224690070925,
    0.3269449164172161,
    0.320331631429954,
    0.3042069942615372
  ]
}