{
  "id": "synthetic_l_6961",
  "x": [
    91.0,
    93.0,
    92.0,
    87.0,
    92.0,
    89.0,
    97.0,
    87.0,
    89.0,
    97.0,
    89.0,
    87.0,
    87.0,
    92.0,
    97.0,
    96.0,
    94.0,
    95.0
  ],
  "y": [
    44.0,
    49.0,
    60.0,
    62.0,
    67.0,
    70.0,
    77.0,
    86.0,
    93.0,
    99.0,
    98.0,
    104.0,
    111.0,
    120.0,
    126.0,
    126.0,
    134.0,
    139.0
  ],
  "p": [
    0.2819444745442287,
    0.3869847005424598,
    0.5508172792815004,
    0.4907883490380508,
    0.55172944575683,
    0.601582555222462,
    0.8173591059957334,
    0.8421501569528628,
    0.7931141910379085,
    0.775627406040989,
    0.7170890865246247,
    0.7080648161847741,
    0.753658850103437,
    0.731287599202911,
    0.6296030525794613,
    0.41643282791439895,
    0.35435152187264735,
    0.2801586761718452
  ]
}