{
  "id": "synthetic_Y_8878",
  "x": [
    95.94117647058823,
    43.0,
    84.1764705882353,
    72.41176470588235,
    90.05882352941177,
    90.05882352941177,
    66.52941176470588,
    60.64705882352941,
    90.05882352941177,
    119.47058823529412,
    84.1764705882353,
    101.8235294117647,
    143.0,
    84.1764705882353
  ],
  "y": [
    143.88888888888889,
    150.55555555555554,
    150.55555555555554,
    155.0,
    137.22222222222223,
    135.0,
    123.88888888888889,
    110.55555555555556,
    101.66666666666666,
    79.44444444444444,
    59.44444444444444,
    66.11111111111111,
    77.22222222222223,
    55.0
  ],
  "p": [
    0.2051258615053303,
    0.33607072948482225,
    0.45234828149142164,
    0.6962028015526375,
    0.7098500446042594,
    0.8381547699013777,
    0.7400594012784575,
    0.8624130595639892,
    0.798573757123463,
    0.7635638234294402,
    0.7093867736529007,
    0.4562073170102932,
    0.5016408453637029,
    0.3081601529948389
  ]
}