{
  "id": "synthetic_S_7514",
  "x": [
    107.0,
    121.0,
    135.0,
    139.0,
    148.0,
    154.0,
    158.0,
    159.0,
    152.0,
    152.0,
    145.0,
    132.0,
    119.0,
    107.0,
    95.0,
    85.0,
    75.0,
    69.0,
    65.0,
    59.0,
    63.0,
    66.0,
    66.0,
    75.0,
    87.0,
    98.0,
    110.0
  ],
  "y": [
    94.0,
    110.0,
    119.0,
    123.0,
    124.0,
    117.0,
    99.0,
    90.0,
    71.0,
    66.0,
    60.0,
    65.0,
    78.0,
    94.0,
    108.0,
    123.0,
    123.0,
    124.0,
    113.0,
    102.0,
    86.0,
    70.0,
    61.0,
    61.0,
    68.0,
    80.0,
    96.0
  ],
  "p": [
    0.3710966958966918,
    0.26416613605980444,
    0.4727984101813133,
    0.43743555978681703,
    0.5980124873600264,
    0.6338092180894792,
    0.663981515527269,
    0.6772303824797902,
    0.7633756441426072,
    0.7853187827694286,
    0.6893239020790369,
    0.8798761488708335,
    0.7261424930784797,
    0.835795562816432,
    0.8374056999053341,
    0.8668191636864401,
    0.6843160700974068,
    0.6751000557650721,
    0.6520799142104493,
    0.7168356357697298,
    0.653409708103975,
    0.5276698079096402,
    0.4986445284590537,
    0.5732110369493264,
    0.519601352397432,
    0.45603058139832675,
    0.2023415824269223
  ]
}