{
  "id": "synthetic_w_9249",
  "x": [
    41.0,
    47.76190476190476,
    49.523809523809526,
    56.285714285714285,
    59.04761904761905,
    63.80952380952381,
    69.57142857142857,
    78.33333333333334,
    76.33333333333334,
    80.0952380952381,
    83.85714285714286,
    92.61904761904762,
    94.3809523809524,
    100.14285714285715,
    104.90476190476191,
    111.66666666666669,
    106.66666666666667,
    115.42857142857143,
    118.19047619047619,
    123.95238095238096,
    125.71428571428572,
    130.47619047619048,
    141.23809523809524,
    144.0
  ],
  "y": [
    47.0,
    61.285714285714285,
    73.57142857142857,
    89.85714285714286,
    107.14285714285714,
    122.42857142857142,
    136.71428571428572,
    148.0,
    150.0,
    132.71428571428572,
    118.42857142857143,
    102.14285714285714,
    87.85714285714286,
    76.57142857142858,
    65.28571428571429,
    48.0,
    47.0,
    60.285714285714285,
    73.57142857142857,
    91.85714285714286,
    104.14285714285714,
    116.42857142857142,
    134.71428571428572,
    146.0
  ],
  "p": [
    0.36580384585181497,
    0.3066581461092923,
    0.37751065405215506,
    0.5167150423400761,
    0.6192370915223546,
    0.5430465724119625,
    0.5876184497227028,
    0.7220296399735943,
    0.6476781679517809,
    0.6765278654360134,
    0.771665103194232,
    0.7970922522463956,
    0.8394274955905062,
    0.859187511276923,
    0.7615185753854343,
    0.6571439419561275,
    0.6842453172880549,
    0.7133474318975885,
    0.644344810541132,
    0.5618371099510042,
    0.49134648137705494,
    0.3946570006803748,
    0.26842359996743526,
    0.3842822048870219
  ]
}