{
  "id": "synthetic_c_1554",
  "x": [
    118.0,
    114.0,
    101.0,
    94.0,
    87.0,
    79.0,
    67.0,
    63.0,
    54.0,
    53.0,
    48.0,
    47.0,
    52.0,
    56.0,
    59.0,
    68.0,
    79.0,
    84.0,
    96.0,
    101.0,
    112.0,
    119.0
  ],
  "y": [
    118.0,
    127.0,
    129.0,
    131.0,
    129.0,
    130.0,
    127.0,
    121.0,
    114.0,
    104.0,
    93.0,
    88.0,
    78.0,
    70.0,
    62.0,
    56.0,
    51.0,
    48.0,
    50.0,
    51.0,
    55.0,
    62.0
  ],
  "p": [
    0.36416310833196547,
    0.311020089633518,
    0.36508327564142223,
    0.6065859259748806,
    0.6799070560124572,
    0.7201794486044077,
    0.7826113046099665,
    0.6587585598125114,
    0.7038241038890001,
    0.8871446821735466,
    0.8606631566101457,
    0.8432995755090491,
    0.8569201295340558,
    0.7832310025994362,
    0.7335302674061631,
    0.6350092471180535,
    0.5471288534946992,
    0.5469672352067648,
    0.4568370544224361,
    0.46100940895100806,
    0.2763723020088173,
    0.2932642356655765
  ]
}