{
  "id": "synthetic_Z_3292",
  "x": [
    83.53061224489795,
    63.12244897959184,
    57.0,
    75.36734693877551,
    81.48979591836735,
    63.12244897959184,
    63.12244897959184,
    75.36734693877551,
    81.48979591836735,
    81.48979591836735,
    85.57142857142857,
    83.53061224489795,
    91.6938775510204,
    75.36734693877551,
    95.77551020408163,
    112.10204081632654,
    114.14285714285714,
    124.34693877551021,
    134.55102040816325,
    136.59183673469386,
    157.0,
    136.59183673469386,
    126.38775510204081,
    116.18367346938776,
    101.89795918367346,
    89.65306122448979,
    91.6938775510204,
    105.9795918367347,
    110.06122448979592,
    114.14285714285714
  ],
  "y": [
    130.66666666666669,
    127.33333333333333,
    134.0,
    137.33333333333331,
    104.0,
    117.33333333333334,
    140.66666666666669,
    110.66666666666666,
    80.66666666666667,
    107.33333333333334,
    117.33333333333334,
    107.33333333333334,
    97.33333333333334,
    94.0,
    117.33333333333334,
    90.66666666666666,
    77.33333333333333,
    54.0,
    87.33333333333334,
    107.33333333333334,
    127.33333333333333,
    110.66666666666666,
    120.66666666666667,
    134.0,
    100.66666666666666,
    74.0,
    100.66666666666666,
    134.0,
    154.0,
    130.66666666666669
  ],
  "p": [
    0.23980624229235553,
    0.3952803946227154,
    0.330977004422087,
    0.36162224295814566,
    0.6097090162589678,
    0.48685798364648947,
    0.5355519517421984,
    0.6954148592332413,
    0.7513249390675845,
    0.6950037688006359,
    0.7062257023944094,
    0.7471546647642013,
    0.7242383003068958,
    0.7985170715108193,
    0.7459033565744982,
    0.8348198336790114,
    0.8689248900635649,
    0.7315111488285588,
    0.8236546298751454,
    0.6785663067974484,
    0.7501973393911406,
    0.7785005538245807,
    0.5555311936057172,
    0.5569106994221625,
    0.5356085466074354,
    0.5063217250201892,
    0.3932730953451369,
    0.3735055663611713,
    0.2810755992397207,
    0.3913525652555194
  ]
}