{
  "id": "synthetic_w_2613",
  "x": [
    42.0,
    46.166666666666664,
    47.333333333333336,
    54.5,
    56.66666666666667,
    59.83333333333333,
    63.0,
    70.16666666666667,
    76.33333333333334,
    76.33333333333334,
    78.50000000000001,
    79.66666666666667,
    89.83333333333334,
    90.00000000000001,
    92.16666666666667,
    99.33333333333334,
    104.50000000000001,
    110.66666666666669,
    109.66666666666667,
    112.83333333333334,
    115.0,
    122.16666666666667,
    127.33333333333334,
    125.5,
    132.66666666666669,
    136.83333333333334,
    139.0
  ],
  "y": [
    57.0,
    69.5,
    80.0,
    94.5,
    108.0,
    120.5,
    128.0,
    144.5,
    156.0,
    157.0,
    144.5,
    133.0,
    116.5,
    106.0,
    93.5,
    80.0,
    64.5,
    56.0,
    52.0,
    64.5,
    79.0,
    89.5,
    105.0,
    120.5,
    133.0,
    140.5,
    156.0
  ],
  "p": [
    0.28120883638871463,
    0.40303409575577465,
    0.43905485650063075,
    0.5313398968484259,
    0.599355475714552,
    0.49900482683822384,
    0.5463159826044353,
    0.630829790245425,
    0.7782909422323325,
    0.7066937107609713,
    0.856103862859052,
    0.8517835708963761,
    0.6979726484851498,
    0.7181932501258096,
    0.7644002351075425,
    0.7102472274384383,
    0.7713608269908067,
    0.7967520735925888,
    0.6480803167507565,
    0.7122265968974213,
    0.6069308943432279,
    0.5958934633502211,
    0.5564013876453335,
    0.38439456729839483,
    0.34753929065637695,
    0.38554727288467083,
    0.3529035007108501
  ]
}