{
  "id": "synthetic_O_7490",
  "x": [
    140.0,
    133.0,
    127.0,
    112.0,
    96.0,
    77.0,
    60.0,
    48.0,
    41.0,
    45.0,
    50.0,
    63.0,
    77.0,
    96.0,
    111.0,
    126.0,
    134.0,
    136.0
  ],
  "y": [
    93.0,
    111.0,
    127.0,
    138.0,
    141.0,
    143.0,
    135.0,
    121.0,
    103.0,
    88.0,
    72.0,
    59.0,
    48.0,
    48.0,
    53.0,
    64.0,
    79.0,
    96.0
  ],
  "p": [
    0.2999447092517838,
    0.3633665255844634,
    0.5299803990902769,
    0.6331307193062579,
    0.5529774964573272,
    0.7696629641423106,
    0.8041233010838542,
    0.8522615391917607,
    0.725933457904565,
    0.7890618005408785,
    0.7283580327405149,
    0.7858074984463602,
    0.6968445457512458,
    0.6221385919578896,
    0.6065516188953664,
    0.5176032471361509,
    0.43055200827944595,
    0.3153608863619315
  ]
}