{
  "id": "synthetic_f_5045",
  "x": [
    136.11111111111111,
    113.88888888888889,
    119.44444444444444,
    94.44444444444444,
    100.0,
    125.0,
    144.44444444444446,
    141.66666666666669,
    150.0,
    122.22222222222223,
    94.44444444444444,
    111.11111111111111,
    108.33333333333334,
    97.22222222222223,
    72.22222222222223,
    97.22222222222223,
    72.22222222222223,
    50.0,
    72.22222222222223,
    83.33333333333334,
    61.111111111111114,
    63.888888888888886,
    52.77777777777778
  ],
  "y": [
    57.0,
    75.75,
    86.16666666666667,
    73.66666666666667,
    88.25,
    102.83333333333334,
    111.16666666666666,
    121.58333333333333,
    121.58333333333333,
    104.91666666666666,
    104.91666666666666,
    123.66666666666667,
    136.16666666666669,
    152.83333333333331,
    144.5,
    150.75,
    148.66666666666669,
    142.41666666666669,
    152.83333333333331,
    146.58333333333331,
    154.91666666666669,
    148.66666666666669,
    157.0
  ],
  "p": [
    0.27209744649380185,
    0.3838802876710524,
    0.4460395562096929,
    0.5842718280142997,
    0.6414832087275413,
    0.591521628104902,
    0.7654648751862478,
    0.7798734899562088,
    0.8000141662284089,
    0.7871628982580002,
    0.8161050634864432,
    0.7637533043923384,
    0.702987156613957,
    0.7974775309527729,
    0.6606214997992982,
    0.6658316935895349,
    0.6390180613732968,
    0.6525939271006409,
    0.5745671133758941,
    0.4683997096868852,
    0.4601256027961603,
    0.3252670300928281,
    0.21012134255168952
  ]
}