{
  "id": "synthetic_2_1467",
  "x": [
    65.64705882352942,
    74.47058823529412,
    59.76470588235294,
    83.29411764705883,
    68.58823529411765,
    48.0,
    53.88235294117647,
    83.29411764705883,
    89.1764705882353,
    92.11764705882354,
    118.58823529411765,
    148.0,
    121.52941176470588,
    115.6470588235294,
    145.05882352941177,
    130.3529411764706,
    109.76470588235294,
    109.76470588235294,
    121.52941176470588,
    95.05882352941177,
    98.0,
    127.41176470588235
  ],
  "y": [
    106.05405405405406,
    119.56756756756756,
    114.16216216216216,
    111.45945945945945,
    127.67567567567568,
    122.27027027027027,
    138.48648648648648,
    152.0,
    133.0810810810811,
    135.7837837837838,
    143.89189189189187,
    124.97297297297297,
    106.05405405405406,
    87.13513513513513,
    114.16216216216216,
    100.64864864864865,
    81.72972972972973,
    76.32432432432432,
    68.21621621621622,
    52.0,
    65.51351351351352,
    79.02702702702703
  ],
  "p": [
    0.35245699151217497,
    0.3096288813854886,
    0.41253687346724455,
    0.4868825512112216,
    0.5810118735496589,
    0.677647035012747,
    0.5911477871195379,
    0.6820029923750989,
    0.8045280663134979,
    0.7234092797375906,
    0.8603441524720665,
    0.7907353128724175,
    0.761657044462733,
    0.7662550269113505,
    0.7840563427247605,
    0.7899210794712451,
    0.6593884096327979,
    0.5278103827892912,
    0.5952039911324949,
    0.4159530725312773,
    0.3113025883934893,
    0.2620266652620153
  ]
}