{
  "id": "synthetic_s_8850",
  "x": [
    113.0,
    121.0,
    131.0,
    140.0,
    150.0,
    157.0,
    157.0,
    163.0,
    156.0,
    158.0,
    152.0,
    138.0,
    133.0,
    118.0,
    107.0,
    99.0,
    88.0,
    78.0,
    72.0,
    67.0,
    62.0,
    62.0,
    60.0,
    68.0,
    74.0,
    76.0,
    86.0,
    98.0,
    108.0
  ],
  "y": [
    101.0,
    120.0,
    127.0,
    139.0,
    136.0,
    129.0,
    117.0,
    101.0,
    91.0,
    78.0,
    69.0,
    75.0,
    76.0,
    88.0,
    103.0,
    121.0,
    130.0,
    139.0,
    137.0,
    127.0,
    121.0,
    102.0,
    92.0,
    78.0,
    70.0,
    70.0,
    77.0,
    93.0,
    104.0
  ],
  "p": [
    0.2606830041999323,
    0.2843594812409545,
    0.43807138268142837,
    0.5416254379591666,
    0.4497332309619663,
    0.6105697954322233,
    0.6242054954498665,
    0.6268763924229159,
    0.6992700073859734,
    0.7764038309158231,
    0.8030110166509886,
    0.8498158521170571,
    0.8344016753052346,
    0.7382927848590182,
    0.8560629296800688,
    0.6975547546486561,
    0.7802559238232207,
    0.7818408105427883,
    0.8433662772997326,
    0.768726084854374,
    0.6048969327249254,
    0.674942736064818,
    0.620183090067929,
    0.6205552971834388,
    0.4450816008362921,
    0.43024724242653484,
    0.3466436749389859,
    0.2560835517365906,
    0.3952657352799642
  ]
}