{
  "id": "synthetic_z_6248",
  "x": [
    89.61538461538461,
    128.0769230769231,
    155.0,
    135.76923076923077,
    101.15384615384616,
    62.69230769230769,
    74.23076923076923,
    55.0,
    70.38461538461539,
    58.84615384615385,
    97.3076923076923,
    66.53846153846153
  ],
  "y": [
    45.0,
    145.0,
    65.0,
    145.0,
    95.0,
    115.0,
    95.0,
    125.0,
    125.0,
    105.0,
    55.0,
    135.0
  ],
  "p": [
    0.2685958947205241,
    0.35076762466852507,
    0.48840749164570096,
    0.7210593808120209,
    0.687679363836376,
    0.8205215154961847,
    0.844967809241257,
    0.755857741473315,
    0.74962849236992,
    0.5517088545139288,
    0.36686880135279737,
    0.23688432109907154
  ]
}