{
  "id": "synthetic_P_8896",
  "x": [
    44.57142857142857,
    41.0,
    58.85714285714286,
    49.92857142857143,
    67.78571428571428,
    82.07142857142857,
    78.5,
    96.35714285714286,
    107.07142857142857,
    116.0,
    133.85714285714286,
    121.35714285714286,
    139.21428571428572,
    137.42857142857144,
    137.42857142857144,
    141.0,
    132.07142857142856,
    139.21428571428572,
    133.85714285714286,
    128.5,
    110.64285714285714,
    110.64285714285714,
    99.92857142857143
  ],
  "y": [
    154.2962962962963,
    158.0,
    132.07407407407408,
    143.1851851851852,
    146.88888888888889,
    124.66666666666667,
    95.03703703703704,
    65.4074074074074,
    102.44444444444444,
    98.74074074074073,
    80.22222222222223,
    91.33333333333334,
    106.14814814814815,
    80.22222222222223,
    58.0,
    83.92592592592592,
    83.92592592592592,
    91.33333333333334,
    80.22222222222223,
    91.33333333333334,
    61.7037037037037,
    91.33333333333334,
    98.74074074074073
  ],
  "p": [
    0.24019350847221088,
    0.46062761041756034,
    0.36835640717062396,
    0.5543122449928388,
    0.6505408545347059,
    0.6153431007618605,
    0.6410005538734154,
    0.6555464549576333,
    0.742845500552964,
    0.8545754329779709,
    0.7500841167390051,
    0.8627162408180624,
    0.8869248184240235,
    0.8571898965622443,
    0.7696289601086127,
    0.810013757179074,
    0.6805267772967155,
    0.5900526710356653,
    0.6658326911738265,
    0.4093939308025069,
    0.3512252292505705,
    0.39161020754799714,
    0.2879837553410082
  ]
}