{
  "id": "synthetic_7_3743",
  "x": [
    56.0,
    76.0,
    96.0,
    116.0,
    136.0,
    156.0,
    156.0,
    146.0,
    136.0,
    126.0,
    116.0,
    106.0
  ],
  "y": [
    53.0,
    49.0,
    50.0,
    53.0,
    52.0,
    49.0,
    51.0,
    71.0,
    91.0,
    111.0,
    131.0,
    151.0
  ],
  "p": [
    0.37449197759153313,
    0.45227170940588746,
    0.4766296168961796,
    0.7307601220341584,
    0.7413959024738104,
    0.8111965085491601,
    0.6964341632237812,
    0.6793771237507327,
    0.5889327880244244,
    0.5225977360343337,
    0.4187489419327828,
    0.3335739472751856
  ]
}