{
  "id": "synthetic_l_3519",
  "x": [
    91.0,
    90.0,
    97.0,
    94.0,
    91.0,
    92.0,
    90.0,
    100.0,
    91.0,
    95.0,
    96.0,
    100.0
  ],
  "y": [
    51.0,
    57.0,
    64.0,
    75.0,
    82.0,
    89.0,
    102.0,
    110.0,
    116.0,
    124.0,
    135.0,
    145.0
  ],
  "p": [
    0.27402545607969875,
    0.4582279947908644,
    0.49238072007353284,
    0.6492945351352107,
    0.8184244878307158,
    0.7043663581984311,
    0.8123958949043202,
    0.7804808983050648,
    0.6619154824412226,
    0.6489704476104162,
    0.36990305868396184,
    0.2394129868305797
  ]
}