{
  "id": "synthetic_V_5617",
  "x": [
    54.0,
    63.14285714285714,
    72.28571428571428,
    75.42857142857143,
    87.57142857142857,
    94.71428571428571,
    96.85714285714286,
    103.0,
    109.0,
    116.14285714285714,
    119.28571428571428,
    130.42857142857144,
    134.57142857142856,
    138.71428571428572,
    150.85714285714286,
    156.0
  ],
  "y": [
    52.0,
    67.28571428571428,
    82.57142857142857,
    97.85714285714286,
    114.14285714285714,
    129.42857142857142,
    138.71428571428572,
    153.0,
    158.0,
    137.71428571428572,
    123.42857142857143,
    109.14285714285714,
    96.85714285714286,
    83.57142857142858,
    68.28571428571429,
    54.0
  ],
  "p": [
    0.38691549926234525,
    0.44751520451122534,
    0.5502800461722885,
    0.5061173979053346,
    0.6250992625773164,
    0.7825409124080078,
    0.7474020091525585,
    0.869972089893611,
    0.7350187531772352,
    0.7533848362532485,
    0.7611470590225418,
    0.6292420255278932,
    0.5858457413753393,
    0.4039389855331192,
    0.4380693857471229,
    0.3354424332255887
  ]
}