{
  "id": "synthetic_3_4359",
  "x": [
    40.0,
    70.0,
    53.333333333333336,
    63.33333333333333,
    40.0,
    73.33333333333334,
    80.0,
    73.33333333333334,
    66.66666666666667,
    80.0,
    86.66666666666666,
    103.33333333333334,
    90.0,
    90.0,
    106.66666666666667,
    140.0,
    116.66666666666667,
    130.0,
    96.66666666666666,
    103.33333333333334,
    136.66666666666669,
    120.0
  ],
  "y": [
    160.0,
    127.85714285714286,
    127.85714285714286,
    113.57142857142857,
    99.28571428571428,
    67.14285714285714,
    102.85714285714286,
    99.28571428571428,
    131.42857142857144,
    117.14285714285714,
    152.85714285714286,
    127.85714285714286,
    99.28571428571428,
    131.42857142857144,
    95.71428571428572,
    88.57142857142857,
    110.0,
    106.42857142857143,
    85.0,
    60.0,
    88.57142857142857,
    81.42857142857143
  ],
  "p": [
    0.20334710409306012,
    0.4212372920038849,
    0.43590189688434045,
    0.537335853733826,
    0.5516528117748208,
    0.5685580063170274,
    0.6341340336075837,
    0.7442250922065007,
    0.7990428186449026,
    0.8626247275326302,
    0.7246007966088458,
    0.867955020237443,
    0.725223178952929,
    0.8162493939093782,
    0.7664679961824215,
    0.7162346114093461,
    0.6268498035034352,
    0.5084589385593905,
    0.5073317340411162,
    0.41179929239195406,
    0.4524525441971661,
    0.2278451647261826
  ]
}