{
  "id": "synthetic_a_8021",
  "x": [
    58.8780487804878,
    68.63414634146342,
    93.02439024390245,
    93.02439024390245,
    78.39024390243902,
    56.4390243902439,
    54.0,
    63.75609756097561,
    61.31707317073171,
    68.63414634146342,
    68.63414634146342,
    83.26829268292683,
    105.21951219512195,
    122.29268292682927,
    110.09756097560975,
    129.609756097561,
    141.8048780487805,
    136.9268292682927,
    149.1219512195122,
    154.0,
    154.0
  ],
  "y": [
    107.44186046511628,
    130.69767441860466,
    116.74418604651163,
    119.06976744186046,
    140.0,
    123.72093023255815,
    112.09302325581395,
    95.81395348837209,
    86.51162790697674,
    88.83720930232559,
    72.55813953488372,
    56.27906976744186,
    63.25581395348837,
    86.51162790697674,
    93.48837209302326,
    93.48837209302326,
    72.55813953488372,
    58.6046511627907,
    40.0,
    51.627906976744185,
    67.90697674418604
  ],
  "p": [
    0.3303909475696539,
    0.40237430896696924,
    0.3669800467746535,
    0.45556561065469847,
    0.5154110962898293,
    0.5636472873663085,
    0.6643525484436789,
    0.7731878937454677,
    0.6785091920365227,
    0.888679263326828,
    0.7661486491284865,
    0.8278906930307316,
    0.7987964414619574,
    0.6536209233483443,
    0.6200843370785404,
    0.5678036643833948,
    0.5804862207725809,
    0.5798973414949586,
    0.49091506310189914,
    0.354804252908365,
    0.3575770324396558
  ]
}