{
  "id": "synthetic_r_4180",
  "x": [
    138.0,
    144.0,
    138.0,
    140.0,
    138.0,
    134.0,
    124.0,
    120.0,
    130.0,
    130.0,
    118.0,
    126.0,
    136.0,
    130.0,
    132.0,
    116.0,
    98.0,
    88.0,
    72.0,
    56.0,
    50.0,
    52.0,
    44.0,
    64.0,
    60.0
  ],
  "y": [
    44.0,
    58.0,
    66.0,
    82.0,
    96.0,
    106.0,
    112.0,
    106.0,
    88.0,
    92.0,
    102.0,
    108.0,
    110.0,
    122.0,
    132.0,
    144.0,
    134.0,
    132.0,
    114.0,
    94.0,
    82.0,
    80.0,
    92.0,
    82.0,
    102.0
  ],
  "p": [
    0.28596681976696303,
    0.38519225644896604,
    0.49713417853409014,
    0.46794973635358605,
    0.627716643686999,
    0.7003802565736835,
    0.7292380653960526,
    0.7695765937682704,
    0.6389781808794815,
    0.7600121955873455,
    0.8100229240915773,
    0.7649210395651468,
    0.8793631513226197,
    0.8729358295250915,
    0.7049447495042425,
    0.8013646577800653,
    0.8235047160908009,
    0.6674488601850783,
    0.6727763705305386,
    0.698960628264164,
    0.6233893516180871,
    0.4502600895718727,
    0.4394298072215183,
    0.33454603251233517,
    0.2396999125459036
  ]
}