{
  "id": "synthetic_6_9618",
  "x": [
    82.30303030303031,
    82.30303030303031,
    109.57575757575758,
    127.75757575757575,
    121.6969696969697,
    145.93939393939394,
    121.6969696969697,
    152.0,
    148.96969696969697,
    124.72727272727273,
    100.48484848484848,
    109.57575757575758,
    97.45454545454545,
    79.27272727272728,
    52.0
  ],
  "y": [
    142.0,
    119.27272727272727,
    101.0909090909091,
    132.9090909090909,
    105.63636363636363,
    105.63636363636363,
    101.0909090909091,
    142.0,
    123.81818181818181,
    87.45454545454545,
    42.0,
    69.27272727272728,
    60.18181818181819,
    42.0,
    73.81818181818181
  ],
  "p": [
    0.267426146527795,
    0.4576366114944312,
    0.48388177555493395,
    0.5229001508769016,
    0.5937585519972006,
    0.8390809682785553,
    0.7058856530682465,
    0.7715783896754116,
    0.8638628646979869,
    0.8288825295548776,
    0.7768570667979663,
    0.6807528988561983,
    0.44663319022580816,
    0.415468198577583,
    0.20975196417516712
  ]
}