{
  "id": "synthetic_u_9184",
  "x": [
    57.0,
    86.41176470588235,
    104.05882352941177,
    101.11764705882354,
    98.1764705882353,
    92.29411764705883,
    104.05882352941177,
    127.58823529411765,
    157.0,
    154.05882352941177,
    127.58823529411765
  ],
  "y": [
    98.0,
    78.0,
    53.0,
    88.0,
    83.0,
    63.0,
    98.0,
    133.0,
    153.0,
    113.0,
    138.0
  ],
  "p": [
    0.23389502252751146,
    0.4278447590757914,
    0.5605583029490502,
    0.7883296327970535,
    0.7647160547550822,
    0.8127917630815018,
    0.7412091844536381,
    0.6273191548010776,
    0.5695555908837855,
    0.4094524300810601,
    0.34642268742809745
  ]
}