{
  "id": "synthetic_d_4830",
  "x": [
    46.0,
    59.888888888888886,
    79.33333333333334,
    90.44444444444444,
    82.11111111111111,
    68.22222222222223,
    68.22222222222223,
    84.88888888888889,
    98.77777777777777,
    126.55555555555556,
    146.0,
    118.22222222222223,
    112.66666666666667,
    109.88888888888889,
    109.88888888888889,
    87.66666666666666,
    82.11111111111111
  ],
  "y": [
    69.05263157894737,
    105.89473684210526,
    84.84210526315789,
    74.3157894736842,
    100.63157894736841,
    142.73684210526318,
    116.42105263157895,
    84.84210526315789,
    69.05263157894737,
    48.0,
    58.526315789473685,
    58.526315789473685,
    100.63157894736841,
    148.0,
    132.21052631578948,
    142.73684210526318,
    121.6842105263158
  ],
  "p": [
    0.3725822748155211,
    0.41926833466910357,
    0.5544086103556276,
    0.49694012202757276,
    0.699534094953006,
    0.6456349360634683,
    0.8337507981595789,
    0.8433231437681168,
    0.8646100929864042,
    0.82369402907575,
    0.7906378998963881,
    0.6352204632956218,
    0.6831732732257493,
    0.5288032435768535,
    0.5561028902662626,
    0.4253988384719263,
    0.25576734586672456
  ]
}