{
  "id": "synthetic_R_8285",
  "x": [
    122.625,
    132.0,
    150.75,
    157.0,
    135.125,
    132.0,
    113.25,
    82.0,
    69.5,
    94.5,
    78.875,
    91.375,
    91.375,
    85.125,
    57.0,
    88.25,
    75.75,
    75.75
  ],
  "y": [
    73.23076923076923,
    100.15384615384616,
    115.53846153846155,
    154.0,
    115.53846153846155,
    104.0,
    88.61538461538461,
    115.53846153846155,
    115.53846153846155,
    115.53846153846155,
    104.0,
    111.6923076923077,
    100.15384615384616,
    77.07692307692308,
    54.0,
    57.84615384615385,
    96.3076923076923,
    92.46153846153845
  ],
  "p": [
    0.2858703178774624,
    0.49073241222511377,
    0.38895105837867744,
    0.4989409290879885,
    0.5681350864014124,
    0.7226087953121448,
    0.6621993830608542,
    0.8187061575121238,
    0.7191894472379597,
    0.809462071756468,
    0.7172568125394179,
    0.7195945888157168,
    0.6154696637782084,
    0.6944900086875573,
    0.6285146186393866,
    0.5398955360103851,
    0.4532136622107329,
    0.36876503285859064
  ]
}