{
  "id": "synthetic_y_4563",
  "x": [
    60.0,
    72.72727272727272,
    74.54545454545455,
    80.0,
    70.9090909090909,
    89.0909090909091,
    103.63636363636363,
    110.9090909090909,
    123.63636363636363,
    121.81818181818181,
    120.0,
    127.27272727272727,
    134.54545454545456,
    141.8181818181818,
    160.0,
    160.0,
    154.54545454545456
  ],
  "y": [
    88.39393939393939,
    115.66666666666667,
    127.78787878787878,
    149.0,
    130.8181818181818,
    112.63636363636363,
    133.84848484848484,
    133.84848484848484,
    115.66666666666667,
    130.8181818181818,
    130.8181818181818,
    127.78787878787878,
    115.66666666666667,
    91.42424242424242,
    61.121212121212125,
    61.121212121212125,
    49.0
  ],
  "p": [
    0.23262677927231265,
    0.3985606329141437,
    0.5764716232769087,
    0.511740840573043,
    0.744641534251352,
    0.7070812696363635,
    0.7393397135969251,
    0.7891846077359318,
    0.7264852407864618,
    0.7532602457482115,
    0.8025545677291022,
    0.8009261033121332,
    0.6389632358488796,
    0.5910949718422408,
    0.5431461308441328,
    0.33892711956903226,
    0.30290049792146956
  ]
}