{
  "id": "synthetic_O_5815",
  "x": [
    145.0,
    141.0,
    140.0,
    133.0,
    129.0,
    119.0,
    110.0,
    102.0,
    91.0,
    85.0,
    73.0,
    67.0,
    61.0,
    57.0,
    58.0,
    55.0,
    58.0,
    64.0,
    67.0,
    75.0,
    82.0,
    95.0,
    102.0,
    112.0,
    119.0,
    130.0,
    133.0,
    139.0,
    141.0,
    143.0
  ],
  "y": [
    99.0,
    108.0,
    117.0,
    122.0,
    132.0,
    135.0,
    138.0,
    143.0,
    139.0,
    137.0,
    133.0,
    129.0,
    121.0,
    110.0,
    101.0,
    91.0,
    84.0,
    75.0,
    65.0,
    58.0,
    58.0,
    52.0,
    52.0,
    53.0,
    60.0,
    62.0,
    70.0,
    77.0,
    87.0,
    98.0
  ],
  "p": [
    0.21185543992850242,
    0.3190878014617222,
    0.4955718443365247,
    0.4931534390810794,
    0.5744115305071292,
    0.5775919481486143,
    0.5978686979364627,
    0.6371227306247036,
    0.7647705666191843,
    0.7258306234822947,
    0.7925506712172509,
    0.8065754510623522,
    0.8490240551712565,
    0.7503571528414397,
    0.8378725178807969,
    0.8135819843930826,
    0.8185860121088023,
    0.8103097330892884,
    0.8547324275020367,
    0.661627896426752,
    0.6233941390917708,
    0.6528256787248754,
    0.6401587101300853,
    0.6713765241109152,
    0.5778477221707573,
    0.47165867761850694,
    0.5104329260228326,
    0.32962664651721285,
    0.33595810677548466,
    0.3702152581257402
  ]
}