{
  "id": "synthetic_X_2682",
  "x": [
    101.0,
    136.0,
    126.0,
    91.0,
    136.0,
    146.0,
    126.0,
    91.0,
    131.0,
    91.0,
    61.0,
    46.0,
    86.0,
    81.0,
    81.0,
    46.0
  ],
  "y": [
    57.0,
    78.42857142857143,
    99.85714285714286,
    111.76190476190476,
    111.76190476190476,
    126.04761904761905,
    135.57142857142856,
    154.61904761904762,
    133.1904761904762,
    147.47619047619048,
    133.1904761904762,
    140.33333333333331,
    128.42857142857144,
    126.04761904761905,
    147.47619047619048,
    157.0
  ],
  "p": [
    0.27704968096843985,
    0.49915666168834616,
    0.5607636441294972,
    0.6376578173046803,
    0.7526691529657478,
    0.8029506955769367,
    0.8088129928441646,
    0.8693775102853607,
    0.8466917154431112,
    0.8569936837211195,
    0.6890043018340177,
    0.7054794298509237,
    0.5750627578624595,
    0.4748274146823283,
    0.41764600595570867,
    0.2366553790310486
  ]
}