{
  "id": "synthetic_k_1914",
  "x": [
    155.0,
    107.94117647058823,
    107.94117647058823,
    96.1764705882353,
    155.0,
    125.58823529411765,
    66.76470588235294,
    90.29411764705883,
    113.8235294117647,
    113.8235294117647,
    107.94117647058823,
    102.05882352941177,
    55.0,
    60.88235294117647,
    102.05882352941177
  ],
  "y": [
    58.85714285714286,
    94.57142857142857,
    94.57142857142857,
    126.71428571428571,
    137.42857142857144,
    108.85714285714286,
    141.0,
    119.57142857142857,
    105.28571428571429,
    108.85714285714286,
    73.14285714285714,
    55.285714285714285,
    62.42857142857143,
    41.0,
    76.71428571428572
  ],
  "p": [
    0.31574993803127094,
    0.4392834465735733,
    0.46835955825223774,
    0.5207166806173911,
    0.7730538676207341,
    0.7971896128562699,
    0.8302281161416446,
    0.8660757338143447,
    0.8649032596262611,
    0.8464035513553599,
    0.6647052353859623,
    0.689339278474583,
    0.590334415404721,
    0.40092016430329147,
    0.23809612070103364
  ]
}