{
  "id": "synthetic_p_8543",
  "x": [
    156.59036144578312,
    149.36144578313252,
    159.0,
    154.18072289156626,
    154.18072289156626,
    159.0,
    151.7710843373494,
    159.0,
    156.59036144578312,
    148.1566265060241,
    140.9277108433735,
    133.6987951807229,
    136.10843373493975,
    139.72289156626505,
    133.6987951807229,
    131.28915662650604,
    121.65060240963855,
    126.46987951807229,
    114.42168674698794,
    102.37349397590361,
    92.73493975903614,
    80.6867469879518,
    69.8433734939759,
    66.2289156626506,
    59.0
  ],
  "y": [
    154.0,
    148.73684210526318,
    111.89473684210526,
    75.05263157894737,
    54.0,
    69.78947368421052,
    80.3157894736842,
    59.26315789473684,
    106.63157894736841,
    154.0,
    106.63157894736841,
    117.15789473684211,
    75.05263157894737,
    96.10526315789474,
    106.63157894736841,
    132.94736842105263,
    143.4736842105263,
    154.0,
    111.89473684210526,
    80.3157894736842,
    85.57894736842105,
    75.05263157894737,
    54.0,
    54.0,
    96.10526315789474
  ],
  "p": [
    0.22325398627224796,
    0.34268950055197744,
    0.43282218188105054,
    0.4698240759730429,
    0.4592912989666335,
    0.6691006675686009,
    0.7233285284866353,
    0.6394514311223652,
    0.6628531990936026,
    0.8496534936786827,
    0.8511729556207254,
    0.8771559323094216,
    0.7166116612733189,
    0.7746784688186384,
    0.7282522512931372,
    0.859631355105748,
    0.7703604100879111,
    0.7570624105386745,
    0.5895812036261652,
    0.6750640195835897,
    0.4823122952153828,
    0.5038743626987816,
    0.4482134115349862,
    0.40244219812241044,
    0.20678775580580722
  ]
}