{
  "id": "synthetic_a_4471",
  "x": [
    102.45454545454545,
    84.27272727272728,
    57.0,
    87.30303030303031,
    90.33333333333334,
    105.48484848484848,
    123.66666666666667,
    144.87878787878788,
    157.0,
    129.72727272727275
  ],
  "y": [
    148.0,
    120.0,
    140.0,
    104.0,
    108.0,
    88.0,
    120.0,
    88.0,
    48.0,
    88.0
  ],
  "p": [
    0.2688969805463341,
    0.3814250808921406,
    0.6985937059318239,
    0.7251060487575733,
    0.8860000185518396,
    0.8631931868066697,
    0.6815420082796878,
    0.6750505322035302,
    0.4854895402457784,
    0.3504598647191529
  ]
}