{
  "id": "synthetic_v_6167",
  "x": [
    49.0,
    59.14285714285714,
    68.28571428571428,
    76.42857142857143,
    82.57142857142857,
    84.71428571428571,
    92.85714285714286,
    104.0,
    105.0,
    112.14285714285714,
    113.28571428571428,
    123.42857142857143,
    129.57142857142856,
    138.71428571428572,
    141.85714285714286,
    154.0
  ],
  "y": [
    40.0,
    59.285714285714285,
    68.57142857142857,
    88.85714285714286,
    101.14285714285714,
    116.42857142857142,
    127.71428571428572,
    143.0,
    142.0,
    125.71428571428572,
    114.42857142857143,
    99.14285714285714,
    82.85714285714286,
    69.57142857142858,
    60.28571428571429,
    46.0
  ],
  "p": [
    0.29485673108306565,
    0.4600414559933141,
    0.561287061270098,
    0.6937899386946672,
    0.6578035002807786,
    0.6687473542786185,
    0.8145473652194597,
    0.8084318213647821,
    0.8891223524267153,
    0.6793998872245679,
    0.7251629943452131,
    0.5980146247573861,
    0.6290550629115724,
    0.5802867617827909,
    0.45368862609651195,
    0.3180485861592815
  ]
}