{
  "id": "synthetic_D_9222",
  "x": [
    116.0,
    156.0,
    148.0,
    116.0,
    140.0,
    140.0,
    136.0,
    112.0,
    76.0,
    56.0,
    80.0,
    116.0,
    132.0
  ],
  "y": [
    60.18181818181819,
    42.0,
    72.30303030303031,
    81.39393939393939,
    108.66666666666667,
    135.93939393939394,
    142.0,
    111.6969696969697,
    111.6969696969697,
    105.63636363636363,
    75.33333333333334,
    45.03030303030303,
    66.24242424242425
  ],
  "p": [
    0.354088851268742,
    0.3994255080596766,
    0.5247826262443495,
    0.6225629047969876,
    0.7866758459758973,
    0.8242607897801689,
    0.8018845679255167,
    0.733039328389932,
    0.6779733869032236,
    0.729325579707689,
    0.4701271283321536,
    0.3525915574337491,
    0.35820716827268695
  ]
}