{
  "id": "synthetic_L_3121",
  "x": [
    77.22222222222223,
    127.22222222222223,
    138.33333333333331,
    110.55555555555556,
    55.0,
    60.55555555555556,
    105.0,
    71.66666666666667,
    110.55555555555556,
    110.55555555555556,
    93.88888888888889,
    143.88888888888889,
    116.11111111111111,
    116.11111111111111,
    155.0
  ],
  "y": [
    140.1818181818182,
    137.9090909090909,
    135.63636363636363,
    128.8181818181818,
    147.0,
    147.0,
    135.63636363636363,
    119.72727272727273,
    103.81818181818181,
    110.63636363636363,
    108.36363636363637,
    90.18181818181819,
    76.54545454545455,
    60.63636363636364,
    47.0
  ],
  "p": [
    0.3568090157009137,
    0.36419583658658355,
    0.4989562689845501,
    0.6281178758403775,
    0.7171531266796479,
    0.777726430557663,
    0.8100646972871091,
    0.893231009297744,
    0.856575830440203,
    0.6549930735277663,
    0.6705805061107792,
    0.576208955946205,
    0.5196339911240359,
    0.3365945449255425,
    0.2926074220240514
  ]
}