{
  "id": "synthetic_f_8188",
  "x": [
    61.111111111111114,
    100.0,
    144.44444444444446,
    105.55555555555556,
    94.44444444444444,
    100.0,
    50.0,
    94.44444444444444,
    100.0,
    150.0,
    138.88888888888889,
    83.33333333333334,
    100.0
  ],
  "y": [
    152.0,
    125.07692307692308,
    109.6923076923077,
    148.15384615384616,
    144.30769230769232,
    117.38461538461539,
    82.76923076923077,
    52.0,
    75.07692307692308,
    98.15384615384616,
    125.07692307692308,
    128.9230769230769,
    128.9230769230769
  ],
  "p": [
    0.3979009466546547,
    0.38311106754222973,
    0.5970976515213384,
    0.6039148055010931,
    0.6798884661438108,
    0.8314766265413096,
    0.7164087255067624,
    0.8724146150810288,
    0.6545491185596249,
    0.5713902970669781,
    0.5529748177045869,
    0.4365443758639712,
    0.2647548876712643
  ]
}