{
  "id": "synthetic_E_6214",
  "x": [
    61.43396226415094,
    80.30188679245283,
    82.18867924528303,
    74.64150943396226,
    67.09433962264151,
    52.0,
    67.09433962264151,
    78.41509433962264,
    97.28301886792453,
    104.83018867924528,
    102.9433962264151,
    121.81132075471699,
    104.83018867924528,
    95.39622641509433,
    93.50943396226415,
    112.37735849056604,
    102.9433962264151,
    110.49056603773585,
    112.37735849056604,
    125.58490566037736,
    133.1320754716981,
    148.22641509433964,
    138.79245283018867,
    146.33962264150944,
    131.24528301886792,
    133.1320754716981,
    127.47169811320755,
    127.47169811320755,
    133.1320754716981,
    152.0
  ],
  "y": [
    110.35714285714286,
    108.57142857142857,
    99.64285714285714,
    105.0,
    103.21428571428572,
    94.28571428571428,
    80.0,
    71.07142857142857,
    62.142857142857146,
    55.0,
    72.85714285714286,
    55.0,
    72.85714285714286,
    83.57142857142857,
    85.35714285714286,
    92.5,
    110.35714285714286,
    96.07142857142857,
    99.64285714285714,
    117.5,
    110.35714285714286,
    121.07142857142857,
    121.07142857142857,
    121.07142857142857,
    138.92857142857144,
    155.0,
    149.64285714285714,
    144.28571428571428,
    130.0,
    142.5
  ],
  "p": [
    0.291710154366206,
    0.3102174074158065,
    0.38073534279912435,
    0.4938200873761941,
    0.46251354900610553,
    0.5832819165216245,
    0.60895894835734,
    0.7097076135042154,
    0.7069072821554365,
    0.7689825507261482,
    0.8252659296638856,
    0.7103347190316757,
    0.7960864826075164,
    0.700092394113148,
    0.8899819827755744,
    0.8451636384291432,
    0.7202303348298543,
    0.690921666059768,
    0.7309291212395731,
    0.761898492527942,
    0.6829005298879331,
    0.7656054348469562,
    0.6715326808275384,
    0.5908638757340031,
    0.523012782295034,
    0.5961776335707938,
    0.5414107611607143,
    0.33911438662878296,
    0.3497831176306885,
    0.3590101713315006
  ]
}