{
  "id": "synthetic_N_3216",
  "x": [
    135.0,
    145.0,
    125.0,
    90.0,
    45.0,
    80.0,
    115.0,
    115.0,
    100.0,
    125.0,
    140.0,
    135.0,
    125.0,
    145.0,
    125.0,
    120.0,
    75.0,
    100.0,
    120.0
  ],
  "y": [
    140.03921568627453,
    142.0,
    124.3529411764706,
    106.70588235294117,
    89.05882352941177,
    102.7843137254902,
    102.7843137254902,
    96.90196078431373,
    92.98039215686273,
    104.74509803921569,
    92.98039215686273,
    104.74509803921569,
    92.98039215686273,
    79.25490196078431,
    77.29411764705883,
    69.45098039215686,
    57.68627450980392,
    57.68627450980392,
    42.0
  ],
  "p": [
    0.2796218788465915,
    0.3883044539889636,
    0.5544078875953501,
    0.566017252084112,
    0.5249273192478917,
    0.7762879679606816,
    0.8089061553131672,
    0.8421821805589438,
    0.7167278242025343,
    0.7201384106649983,
    0.7666784717642143,
    0.8455799717466616,
    0.7923107059346961,
    0.6644835727981665,
    0.6042107295468752,
    0.4738100857669222,
    0.5429256971953754,
    0.41088010108913775,
    0.37476087500388655
  ]
}