{
  "id": "synthetic_h_1284",
  "x": [
    141.0,
    138.2972972972973,
    122.08108108108108,
    111.27027027027027,
    105.86486486486487,
    119.37837837837837,
    111.27027027027027,
    116.67567567567568,
    108.56756756756756,
    81.54054054054055,
    84.24324324324324,
    59.91891891891892,
    41.0,
    65.32432432432432,
    70.72972972972973,
    73.43243243243244,
    81.54054054054055,
    84.24324324324324,
    70.72972972972973,
    73.43243243243244,
    68.02702702702703,
    49.10810810810811,
    73.43243243243244,
    97.75675675675676,
    116.67567567567568,
    103.16216216216216
  ],
  "y": [
    47.0,
    52.97014925373134,
    67.8955223880597,
    82.82089552238806,
    84.31343283582089,
    94.76119402985074,
    90.28358208955224,
    78.34328358208955,
    91.77611940298507,
    76.85074626865672,
    72.3731343283582,
    84.31343283582089,
    91.77611940298507,
    106.70149253731344,
    100.73134328358209,
    87.29850746268656,
    97.74626865671641,
    111.17910447761194,
    126.1044776119403,
    129.08955223880596,
    133.56716417910448,
    142.52238805970148,
    147.0,
    147.0,
    141.02985074626866,
    138.04477611940297
  ],
  "p": [
    0.33447265329643694,
    0.3885094629760265,
    0.4992494796829271,
    0.5356921039514475,
    0.46532883265458735,
    0.5386264649211232,
    0.7293435659780749,
    0.6373401913508228,
    0.714358675045382,
    0.8230558611061549,
    0.8283009682897298,
    0.6956427934710804,
    0.8637388571661758,
    0.795266550147255,
    0.7038394029326369,
    0.8429512268711928,
    0.6710271604215511,
    0.7906673785997433,
    0.7799632652019001,
    0.5823998232734765,
    0.5538490028316659,
    0.5764573949157612,
    0.40346772005912085,
    0.3427709206997381,
    0.3611932031663877,
    0.34961899749065306
  ]
}