{
  "id": "synthetic_o_6104",
  "x": [
    156.0,
    157.0,
    149.0,
    142.0,
    130.0,
    120.0,
    107.0,
    96.0,
    86.0,
    75.0,
    68.0,
    59.0,
    60.0,
    60.0,
    67.0,
    72.0,
    82.0,
    96.0,
    109.0,
    119.0,
    133.0,
    144.0,
    148.0,
    156.0,
    155.0
  ],
  "y": [
    89.0,
    102.0,
    115.0,
    124.0,
    132.0,
    135.0,
    140.0,
    135.0,
    134.0,
    126.0,
    116.0,
    102.0,
    88.0,
    78.0,
    65.0,
    57.0,
    48.0,
    45.0,
    42.0,
    45.0,
    48.0,
    56.0,
    64.0,
    77.0,
    90.0
  ],
  "p": [
    0.2587775676064388,
    0.45929405186668104,
    0.3953236936533109,
    0.5135680350341603,
    0.5543481639213056,
    0.5968201108130607,
    0.7193489875770213,
    0.6520597767317063,
    0.6534468919518115,
    0.718488116506107,
    0.8291744588529861,
    0.8114883313364595,
    0.735889782505897,
    0.7104079856615283,
    0.7261942956821497,
    0.849998305043605,
    0.7931989037054722,
    0.6528756304223732,
    0.6284385901877901,
    0.5678175427523132,
    0.5389852030441782,
    0.5316595066481096,
    0.4828868237236508,
    0.37083521308590894,
    0.3513321281042383
  ]
}