{
  "id": "synthetic_j_6345",
  "x": [
    40.0,
    48.0,
    62.0,
    80.0,
    62.0,
    52.0,
    72.0,
    74.0,
    90.0,
    84.0,
    90.0,
    72.0,
    92.0,
    74.0,
    94.0,
    100.0,
    116.0,
    108.0,
    128.0,
    136.0,
    140.0,
    140.0,
    128.0,
    126.0
  ],
  "y": [
    139.94594594594594,
    127.78378378378379,
    130.48648648648648,
    144.0,
    139.94594594594594,
    130.48648648648648,
    121.02702702702703,
    107.51351351351352,
    115.62162162162163,
    116.97297297297297,
    126.43243243243244,
    112.91891891891892,
    102.1081081081081,
    88.5945945945946,
    85.8918918918919,
    73.72972972972973,
    68.32432432432432,
    75.08108108108108,
    68.32432432432432,
    58.86486486486486,
    56.16216216216216,
    49.4054054054054,
    57.513513513513516,
    44.0
  ],
  "p": [
    0.28617072573586666,
    0.430565658534646,
    0.39609012327727716,
    0.5531605397743409,
    0.4656669734097762,
    0.5838737928124343,
    0.7421127674720958,
    0.7208564694805589,
    0.7901292323204823,
    0.7994535612191155,
    0.8812678720378124,
    0.8371912998657749,
    0.8610667914884769,
    0.7496315167556853,
    0.7090382793558789,
    0.8264438706704758,
    0.7729863173952932,
    0.699981743380276,
    0.7101185972424995,
    0.5981311168680197,
    0.4863462240261015,
    0.4975891147123892,
    0.46103326931082655,
    0.2135301098314279
  ]
}