{
  "id": "synthetic_U_6379",
  "x": [
    96.77611940298507,
    101.25373134328359,
    87.82089552238806,
    74.38805970149254,
    62.44776119402985,
    66.92537313432835,
    72.8955223880597,
    59.46268656716418,
    52.0,
    65.43283582089552,
    66.92537313432835,
    78.86567164179104,
    92.29850746268656,
    107.22388059701493,
    113.19402985074626,
    128.11940298507463,
    132.59701492537312,
    122.14925373134328,
    129.61194029850748,
    140.05970149253733,
    152.0
  ],
  "y": [
    131.0909090909091,
    112.9090909090909,
    127.45454545454545,
    140.1818181818182,
    142.0,
    134.72727272727275,
    125.63636363636364,
    114.72727272727273,
    105.63636363636363,
    100.18181818181819,
    83.81818181818181,
    76.54545454545455,
    80.18181818181819,
    72.9090909090909,
    54.72727272727273,
    51.09090909090909,
    67.45454545454545,
    71.0909090909091,
    60.18181818181819,
    42.0,
    52.90909090909091
  ],
  "p": [
    0.344154416769034,
    0.29813131331342657,
    0.41380066902927687,
    0.4668765945814265,
    0.6937175993354021,
    0.5961798299146975,
    0.6691916373222232,
    0.7187594350986293,
    0.8611661871397429,
    0.8306547455500892,
    0.7786592363230103,
    0.7760187501147175,
    0.8574904176116634,
    0.6711129046754594,
    0.699516139012349,
    0.6918860122660353,
    0.5829879788357071,
    0.5871679083840329,
    0.5145303237581207,
    0.4212282896490701,
    0.34646871714792765
  ]
}